%time,field.header.seq,field.header.stamp,field.header.frame_id,field.twist.linear.x,field.twist.linear.y,field.twist.linear.z,field.twist.angular.x,field.twist.angular.y,field.twist.angular.z
1526876684248776825,967,1526876684240120604,world,-0.000179546666914,8.29647033243e-05,0.000362609425792,0.0,0.0,0.0
1526876684268233845,968,1526876684259935796,world,0.000613832729869,0.000321841886034,-0.000398772594053,0.0,0.0,0.0
1526876684288586787,969,1526876684279942065,world,-0.000108188949525,-0.000205552802072,-2.88100854959e-05,0.0,0.0,0.0
1526876684308963165,970,1526876684299864555,world,0.000291365198791,0.000239443179453,-0.000334126409143,0.0,0.0,0.0
1526876684328318103,971,1526876684319576800,world,-0.000574417703319,-0.000119717064081,0.000485811033286,0.0,0.0,0.0
1526876684348836066,972,1526876684340402632,world,-0.000128022264107,-8.25280876597e-05,0.000230185120017,0.0,0.0,0.0
1526876684368149860,973,1526876684360281282,world,-0.000756208202802,0.000359191210009,-0.00235072732903,0.0,0.0,0.0
1526876684388611486,974,1526876684379954342,world,0.000370872032363,-0.000257741048699,0.00131555984262,0.0,0.0,0.0
1526876684409002102,975,1526876684399949807,world,0.000499891641084,0.000409615342505,0.000413050991483,0.0,0.0,0.0
1526876684428312710,976,1526876684419789759,world,-0.000128266081447,-0.000291090458632,0.000208256882615,0.0,0.0,0.0
1526876684448788812,977,1526876684439604921,world,0.000193641186343,2.62131361524e-05,0.000191556639038,0.0,0.0,0.0
1526876684468063555,978,1526876684460404694,world,0.000103465266875,-2.70022283075e-05,-0.000266982387984,0.0,0.0,0.0
1526876684488544566,979,1526876684480273114,world,3.82486687158e-05,-0.000133672379889,0.000338356476277,0.0,0.0,0.0
1526876684507881131,980,1526876684500003381,world,0.000229538010899,8.55739053804e-05,-0.000323008513078,0.0,0.0,0.0
1526876684528106854,981,1526876684519921422,world,-0.000120531229186,7.65981531003e-05,0.00051256059669,0.0,0.0,0.0
1526876684548639010,982,1526876684539839633,world,-0.000158816430485,-3.36767552653e-05,-0.000417028728407,0.0,0.0,0.0
1526876684567899303,983,1526876684560599136,world,0.000223589668167,-2.67806462944e-05,-0.000275600556051,0.0,0.0,0.0
1526876684588313225,984,1526876684580405758,world,-0.000179542577825,0.000171869207406,0.000252354366239,0.0,0.0,0.0
1526876684608703578,985,1526876684600053725,world,0.000275181955658,1.74887609319e-05,-7.70157203078e-05,0.0,0.0,0.0
1526876684627999600,986,1526876684620366029,world,-0.00035111233592,-4.6824607125e-07,0.00032126691076,0.0,0.0,0.0
1526876684648303294,987,1526876684640349034,world,3.155595914e-05,5.766375034e-05,-0.000303145498037,0.0,0.0,0.0
1526876684668753256,988,1526876684660287359,world,-0.000223881041165,-6.22604347882e-05,7.98756227596e-05,0.0,0.0,0.0
1526876684688152334,989,1526876684680136762,world,0.000110528228106,-7.83772411523e-05,0.000124406855321,0.0,0.0,0.0
1526876684708538839,990,1526876684700110611,world,0.000272099947324,-0.000105530496512,-7.22201366443e-05,0.0,0.0,0.0
1526876684728883487,991,1526876684719930099,world,-0.000197730711079,9.82917990768e-05,-9.47756634559e-05,0.0,0.0,0.0
1526876684748303239,992,1526876684739923873,world,0.00025128168636,0.000274774909485,-5.88035836699e-05,0.0,0.0,0.0
1526876684768689756,993,1526876684759869680,world,-2.29014112847e-05,7.74677973823e-05,0.000282811175566,0.0,0.0,0.0
1526876684787967851,994,1526876684779953228,world,-0.00023617997067,-0.000117352203233,0.00024364728597,0.0,0.0,0.0
1526876684808319762,995,1526876684799903974,world,0.000273393234238,-7.88698453107e-05,-0.000110129025416,0.0,0.0,0.0
1526876684828518640,996,1526876684819881943,world,-0.000259143096628,-0.000268348725513,-0.000210999976844,0.0,0.0,0.0
1526876684848806527,997,1526876684839845859,world,-2.33371174545e-05,0.000288146518869,-0.000340739905369,0.0,0.0,0.0
1526876684868228982,998,1526876684859612757,world,9.72241105046e-06,3.48642060999e-05,0.000460375886178,0.0,0.0,0.0
1526876684888477222,999,1526876684880572786,world,-0.000185139360838,-7.03204495949e-05,0.000163811608218,0.0,0.0,0.0
1526876684908954253,1000,1526876684900444905,world,0.00046132778516,0.000100964811281,-0.000115393369924,0.0,0.0,0.0
1526876684928365196,1001,1526876684920382475,world,-0.000341508100973,-0.000175230641617,0.000153055414557,0.0,0.0,0.0
1526876684948720629,1002,1526876684940241420,world,0.000293788791168,0.00020181092259,4.67330391984e-06,0.0,0.0,0.0
1526876684967996712,1003,1526876684960133860,world,-9.12492832867e-05,-0.000197593006305,-0.000159171380801,0.0,0.0,0.0
1526876684988338952,1004,1526876684980074299,world,-0.000408495310694,9.20431921259e-05,0.000107033512904,0.0,0.0,0.0
1526876685008706587,1005,1526876684999856729,world,0.000387446256354,6.82512836647e-05,-0.000148288556375,0.0,0.0,0.0
1526876685028086422,1006,1526876685019944040,world,-0.000267244933639,-0.000116451497888,0.000115448216093,0.0,0.0,0.0
1526876685048371472,1007,1526876685040021299,world,0.000118754571304,0.000192042047274,4.76363638882e-05,0.0,0.0,0.0
1526876685068640847,1008,1526876685059777792,world,0.000118741110782,-5.4639960581e-05,-0.000140994539834,0.0,0.0,0.0
1526876685087710485,1009,1526876685080541462,world,-0.000146293110447,-0.000129229330923,5.6853001297e-05,0.0,0.0,0.0
1526876685108069620,1010,1526876685100115107,world,-4.47838610853e-05,4.08963969676e-05,0.000135543872602,0.0,0.0,0.0
1526876685128251082,1011,1526876685119934123,world,0.000235377170611,-7.03859404894e-06,-7.33851484256e-05,0.0,0.0,0.0
1526876685148809729,1012,1526876685139600452,world,-7.58440146456e-05,0.00021298561478,0.000243487593252,0.0,0.0,0.0
1526876685168117903,1013,1526876685160339154,world,4.67393329018e-06,-0.000289398856694,-0.000216903543333,0.0,0.0,0.0
1526876685188426936,1014,1526876685180051001,world,-0.000317093334161,-8.27690601e-05,-0.000143158482388,0.0,0.0,0.0
1526876685208718744,1015,1526876685199997520,world,2.95596692013e-05,3.17069097946e-05,0.000127419873024,0.0,0.0,0.0
1526876685228107743,1016,1526876685219945909,world,0.00041356618749,9.33792180149e-05,-0.000193827552721,0.0,0.0,0.0
1526876685248606415,1017,1526876685239754899,world,-7.40333634894e-05,7.18244118616e-05,0.000202879222343,0.0,0.0,0.0
1526876685268929928,1018,1526876685260485085,world,-0.000138231931487,8.66569753271e-05,0.000132572211442,0.0,0.0,0.0
1526876685288147358,1019,1526876685280450008,world,0.00030577351572,0.000131230946863,-0.000239440589212,0.0,0.0,0.0
1526876685308579341,1020,1526876685300448351,world,-0.000111886387458,-2.15548061533e-06,0.000289329065708,0.0,0.0,0.0
1526876685327924105,1021,1526876685320317370,world,0.000195046901354,-0.00012830774358,-0.000455726112705,0.0,0.0,0.0
1526876685348288094,1022,1526876685340121009,world,-0.000439952127635,-4.2170388042e-05,2.46499257628e-05,0.0,0.0,0.0
1526876685368527887,1023,1526876685359895028,world,0.000160223076819,9.88350657281e-05,0.000508127035573,0.0,0.0,0.0
1526876685388854369,1024,1526876685379956244,world,0.000239112167037,3.22146370308e-05,-0.000245049828663,0.0,0.0,0.0
1526876685408281270,1025,1526876685399946923,world,-0.000208303506952,-2.21904520004e-06,0.000515971332788,0.0,0.0,0.0
1526876685428674626,1026,1526876685419978195,world,9.45989158936e-05,-1.29228180867e-06,-9.7206881037e-05,0.0,0.0,0.0
1526876685447935542,1027,1526876685439899506,world,0.000174425367732,-0.000184481585165,-8.57180275489e-05,0.0,0.0,0.0
1526876685468301856,1028,1526876685459884138,world,-0.000125200429466,8.23591399239e-05,0.000197708010091,0.0,0.0,0.0
1526876685488734630,1029,1526876685479879888,world,-0.000159245741088,0.000104241007648,1.3159806258e-05,0.0,0.0,0.0
1526876685507972664,1030,1526876685500714090,world,4.11899818573e-05,0.000100000695966,-0.000310928648105,0.0,0.0,0.0
1526876685528342615,1031,1526876685520633263,world,-0.000135717127705,-1.51829917741e-05,8.07396427263e-05,0.0,0.0,0.0
1526876685548744544,1032,1526876685540536211,world,0.000140415111673,3.45677926816e-06,0.00017806237156,0.0,0.0,0.0
1526876685567985563,1033,1526876685560363638,world,0.000262001733063,5.60716835025e-05,-0.000432828557678,0.0,0.0,0.0
1526876685588404910,1034,1526876685580210622,world,-0.000250958604738,3.2430391002e-05,0.000529102573637,0.0,0.0,0.0
1526876685608813158,1035,1526876685600060125,world,8.94975673873e-05,3.56681175617e-06,5.24054776179e-05,0.0,0.0,0.0
1526876685628071794,1036,1526876685620175746,world,-0.000307326845359,-0.000131695807795,9.55055365921e-05,0.0,0.0,0.0
1526876685648277912,1037,1526876685639951501,world,0.000107320345705,2.66183269559e-05,6.58229982946e-05,0.0,0.0,0.0
1526876685668644219,1038,1526876685659774667,world,0.000255457358435,-9.07024659682e-05,-0.000441412616055,0.0,0.0,0.0
1526876685687847395,1039,1526876685680752558,world,-0.000109636152047,0.00013703215518,0.000167118763784,0.0,0.0,0.0
1526876685708283947,1040,1526876685700606768,world,-0.000401309021981,-5.50027907593e-05,-0.000148482868099,0.0,0.0,0.0
1526876685728721453,1041,1526876685720559980,world,-0.00129340623971,0.00066076067742,-0.000921543803997,0.0,0.0,0.0
1526876685748146449,1042,1526876685740279518,world,-0.00320258899592,0.00575254904106,-0.00166681967676,0.0,0.0,0.0
1526876685768634443,1043,1526876685760026863,world,0.000223796349019,-0.000863909022883,0.00187739892863,0.0,0.0,0.0
1526876685788000912,1044,1526876685780071783,world,-0.00211835838854,-0.000464048003778,-0.00548419123515,0.0,0.0,0.0
1526876685808332635,1045,1526876685799909885,world,-0.00212311185896,0.00592984026298,-0.00301664555445,0.0,0.0,0.0
1526876685828617691,1046,1526876685819880142,world,0.00328010786325,-0.00215603061952,0.00479307025671,0.0,0.0,0.0
1526876685847957694,1047,1526876685839621494,world,0.00151142803952,-0.0022299066186,0.00120961677749,0.0,0.0,0.0
1526876685868391024,1048,1526876685860344406,world,-0.00019278092077,0.000475534587167,0.000451489177067,0.0,0.0,0.0
1526876685888678196,1049,1526876685880476033,world,-0.0049778483808,0.00475054886192,-0.00665379222482,0.0,0.0,0.0
1526876685908102308,1050,1526876685900397243,world,0.00144809670746,-0.00231344485655,0.00234154192731,0.0,0.0,0.0
1526876685928554128,1051,1526876685920456787,world,0.00318537582643,-0.00387957156636,-9.15384152904e-05,0.0,0.0,0.0
1526876685948975143,1052,1526876685940517175,world,-0.00386060541496,0.0025147497654,-0.00335482670926,0.0,0.0,0.0
1526876685968261078,1053,1526876685960381409,world,0.0042107058689,4.81682363898e-05,0.00593701284379,0.0,0.0,0.0
1526876685988732238,1054,1526876685980314663,world,-0.00429352885112,-0.00165359082166,-7.91270285845e-05,0.0,0.0,0.0
1526876686008203872,1055,1526876686000160581,world,0.00435272511095,-0.00306861894205,0.00174929143395,0.0,0.0,0.0
1526876686028528419,1056,1526876686020049598,world,-0.00214965408668,-0.00223761587404,-0.00422572297975,0.0,0.0,0.0
1526876686048746810,1057,1526876686039991751,world,-0.000568463874515,0.000770941260271,-0.00226903986186,0.0,0.0,0.0
1526876686068167872,1058,1526876686059901193,world,-0.00319493748248,-0.00351417483762,0.00176905095577,0.0,0.0,0.0
1526876686088401793,1059,1526876686079547094,world,0.00371293677017,0.00334543385543,0.00449203839526,0.0,0.0,0.0
1526876686108770503,1060,1526876686100144918,world,-0.00299567193724,-0.00263346033171,-0.00233062193729,0.0,0.0,0.0
1526876686128200391,1061,1526876686119881788,world,-0.00140525330789,0.00133423903026,-0.000706614693627,0.0,0.0,0.0
1526876686148551776,1062,1526876686140549602,world,-0.00543641112745,0.00102177076042,-0.0020278529264,0.0,0.0,0.0
1526876686168868676,1063,1526876686160382968,world,0.00298181502149,-0.00162437208928,-0.00228141411208,0.0,0.0,0.0
1526876686188314838,1064,1526876686180454054,world,0.00114868709352,0.00167619774584,-0.00115173100494,0.0,0.0,0.0
1526876686208649392,1065,1526876686200400729,world,0.0020453101024,-0.00485395826399,0.00483516743407,0.0,0.0,0.0
1526876686227906139,1066,1526876686220409973,world,-0.00192679208703,0.00076894229278,-0.00138674047776,0.0,0.0,0.0
1526876686248254838,1067,1526876686240208091,world,-0.000880488776602,-0.00149293011054,0.00185396929737,0.0,0.0,0.0
1526876686268594274,1068,1526876686260040257,world,-0.000223375260248,0.0021224336233,-0.000281612679828,0.0,0.0,0.0
1526876686287900579,1069,1526876686279927788,world,0.000963960366789,0.00230461498722,-0.00268979673274,0.0,0.0,0.0
1526876686308304392,1070,1526876686299794385,world,-6.72471069265e-05,0.00102214328945,0.00178255687933,0.0,0.0,0.0
1526876686328595652,1071,1526876686319626904,world,0.00112219993025,0.00456420890987,-0.00457878410816,0.0,0.0,0.0
1526876686348976160,1072,1526876686339801790,world,0.00437593460083,-0.00118046859279,0.00577741488814,0.0,0.0,0.0
1526876686368427205,1073,1526876686359610022,world,0.00176924024709,-0.000333850242896,0.00102279311977,0.0,0.0,0.0
1526876686388813060,1074,1526876686380503517,world,-0.00454812543467,-0.00711986375973,-0.00304001336917,0.0,0.0,0.0
1526876686408202358,1075,1526876686400470391,world,-0.00323929125443,0.0029947173316,0.00376195064746,0.0,0.0,0.0
1526876686428568388,1076,1526876686420302554,world,0.0043155066669,0.00208168732934,0.00152343104128,0.0,0.0,0.0
1526876686448914864,1077,1526876686440338196,world,-0.00069671869278,-0.00128150393721,-0.000109371147119,0.0,0.0,0.0
1526876686468274075,1078,1526876686460401365,world,-4.5626773499e-05,0.00529478723183,0.00162101490423,0.0,0.0,0.0
1526876686488664922,1079,1526876686480260758,world,-0.00365639384836,-0.00366718810983,-0.000652633025311,0.0,0.0,0.0
1526876686508836427,1080,1526876686500265452,world,0.00098354741931,0.00112319469918,-0.00100925914012,0.0,0.0,0.0
1526876686528113322,1081,1526876686520154255,world,-0.000140484073199,-0.00574222858995,-0.00746115203947,0.0,0.0,0.0
1526876686548428408,1082,1526876686540010235,world,-0.00243699084967,-0.000866520451382,-0.000489037716761,0.0,0.0,0.0
1526876686568976315,1083,1526876686559832611,world,-0.00242556491867,0.00236403103918,0.000613993091974,0.0,0.0,0.0
1526876686588352277,1084,1526876686579690139,world,0.00162378884852,0.00155769684352,0.00478094490245,0.0,0.0,0.0
1526876686608638802,1085,1526876686600450536,world,0.000509540783241,-0.00394064793363,-0.00701018702239,0.0,0.0,0.0
1526876686627807095,1086,1526876686620697778,world,0.00508246337995,0.000466758850962,0.00568421138451,0.0,0.0,0.0
1526876686648195018,1087,1526876686639637017,world,0.00066561345011,0.00104073015973,0.0028670267202,0.0,0.0,0.0
1526876686668644243,1088,1526876686660505438,world,-0.00201307679527,0.00110109162051,0.00153317325749,0.0,0.0,0.0
1526876686688973583,1089,1526876686680440319,world,0.00475254654884,2.28174030781e-06,0.00299347750843,0.0,0.0,0.0
1526876686708317664,1090,1526876686700360151,world,-0.0012685903348,0.00540431775153,-0.00223632948473,0.0,0.0,0.0
1526876686728573242,1091,1526876686720244604,world,-0.00478061847389,-0.000729562481865,-0.000247351126745,0.0,0.0,0.0
1526876686748839050,1092,1526876686740090592,world,-0.000685152248479,-0.00344269955531,-0.00570799410343,0.0,0.0,0.0
1526876686768163298,1093,1526876686760117515,world,0.00120422733016,0.00123057374731,0.00253691617399,0.0,0.0,0.0
1526876686788708295,1094,1526876686780087875,world,2.70819291472e-05,0.000452336971648,0.003365568351,0.0,0.0,0.0
1526876686808029472,1095,1526876686799921518,world,0.00381422438659,-9.38976882026e-05,0.0029077406507,0.0,0.0,0.0
1526876686828404574,1096,1526876686819792180,world,-0.0050221462734,0.000558017520234,-0.00424817670137,0.0,0.0,0.0
1526876686848859785,1097,1526876686839604826,world,0.00186107982881,-0.00133709411602,-1.24650541693e-05,0.0,0.0,0.0
1526876686868236061,1098,1526876686860460694,world,0.000441045034677,0.000514142622706,-7.48221918911e-06,0.0,0.0,0.0
1526876686888681804,1099,1526876686880479521,world,0.0032549041789,0.000877262558788,-0.00158161227591,0.0,0.0,0.0
1526876686907863887,1100,1526876686900290847,world,-0.00474090175703,-0.000974435009994,-0.00231154169887,0.0,0.0,0.0
1526876686928307958,1101,1526876686920041256,world,0.00183528172784,-0.000573932717089,0.00590502982959,0.0,0.0,0.0
1526876686948758880,1102,1526876686940069956,world,-0.00274530379102,0.000411560788052,0.00164465268608,0.0,0.0,0.0
1526876686968049210,1103,1526876686959941684,world,-0.00435278890654,0.000607256602962,-0.00741371884942,0.0,0.0,0.0
1526876686988556318,1104,1526876686979972657,world,0.000746620120481,-0.000922062550671,-0.00261717475951,0.0,0.0,0.0
1526876687009010360,1105,1526876686999869401,world,0.000649405410513,0.00337065476924,-0.00172813422978,0.0,0.0,0.0
1526876687028439692,1106,1526876687019622424,world,0.00263686990365,-0.000209979014471,0.00846805050969,0.0,0.0,0.0
1526876687048841751,1107,1526876687040533083,world,-0.000978104770184,-0.0035967072472,0.000717411516234,0.0,0.0,0.0
1526876687068169717,1108,1526876687060344131,world,0.00124755012803,0.00116499350406,0.00119225378148,0.0,0.0,0.0
1526876687088380249,1109,1526876687079846347,world,0.00154800433666,0.000328662979882,0.00501727079973,0.0,0.0,0.0
1526876687108564149,1110,1526876687100524486,world,0.000920079182833,0.00151846266817,-0.0017647377681,0.0,0.0,0.0
1526876687127864598,1111,1526876687120112694,world,-0.00456866621971,-0.00301179056987,-0.00256148679182,0.0,0.0,0.0
1526876687148372573,1112,1526876687140033332,world,-0.000837441650219,-0.000857782724779,0.00094195175916,0.0,0.0,0.0
1526876687168724224,1113,1526876687159871602,world,6.21192157269e-06,-0.00188099674415,0.00108360790182,0.0,0.0,0.0
1526876687188143358,1114,1526876687179884448,world,0.00384137174115,0.00390118220821,-0.00140343606472,0.0,0.0,0.0
1526876687208391810,1115,1526876687199603492,world,-0.00380436726846,-0.00151559407823,-0.000881103682332,0.0,0.0,0.0
1526876687228615326,1116,1526876687220348885,world,-0.000202364753932,0.000605677138083,0.000635198957752,0.0,0.0,0.0
1526876687247950435,1117,1526876687240011778,world,-2.51999299508e-05,0.000738773378544,-0.00364761403762,0.0,0.0,0.0
1526876687268492335,1118,1526876687259813364,world,-0.00227142986841,0.000962543475907,-0.00379604985937,0.0,0.0,0.0
1526876687288769530,1119,1526876687279543961,world,-0.00338296731934,0.00211167777888,-0.00469039287418,0.0,0.0,0.0
1526876687308234949,1120,1526876687300469674,world,0.000584542518482,0.00190047104843,0.0089889280498,0.0,0.0,0.0
1526876687328572112,1121,1526876687320340630,world,-0.00365875288844,-0.00373301608488,0.00115050119348,0.0,0.0,0.0
1526876687348912391,1122,1526876687340048174,world,-0.00323907844722,0.00426156166941,-0.00100672990084,0.0,0.0,0.0
1526876687368465702,1123,1526876687359954279,world,-0.00617023510858,0.00983694940805,-0.0056967837736,0.0,0.0,0.0
1526876687388780479,1124,1526876687379974401,world,-0.00986298359931,0.00703073386103,-0.000570775708184,0.0,0.0,0.0
1526876687408221408,1125,1526876687399747904,world,-0.00993025116622,0.000218061497435,-0.0043246014975,0.0,0.0,0.0
1526876687428637743,1126,1526876687420683607,world,-0.00135539704934,0.00297766085714,0.00343042402528,0.0,0.0,0.0
1526876687447846389,1127,1526876687440659351,world,0.00392424315214,0.00110756338108,0.000661322264932,0.0,0.0,0.0
1526876687468281850,1128,1526876687460443182,world,0.000776727101766,0.0009960597381,-0.00374838872813,0.0,0.0,0.0
1526876687488625560,1129,1526876687480282794,world,0.000873203389347,0.000372788752429,0.00139481003862,0.0,0.0,0.0
1526876687507928065,1130,1526876687500065471,world,0.000107396219391,-0.0025645471178,5.33303827979e-05,0.0,0.0,0.0
1526876687528309477,1131,1526876687520030681,world,-0.00304859830067,-0.000402443460189,-0.00282691698521,0.0,0.0,0.0
1526876687548641518,1132,1526876687540087034,world,0.00285483966582,0.00179087603465,-0.00243283621967,0.0,0.0,0.0
1526876687568951939,1133,1526876687560030253,world,0.00160750444047,-0.00130078755319,0.00463413167745,0.0,0.0,0.0
1526876687588386283,1134,1526876687580038785,world,-0.00244106724858,-0.000592819589656,-0.00221452256665,0.0,0.0,0.0
1526876687608737477,1135,1526876687599993213,world,2.98975501209e-05,0.000868528033607,0.00250848499127,0.0,0.0,0.0
1526876687628008502,1136,1526876687620320361,world,0.00134968606289,0.00304878922179,-0.00296503165737,0.0,0.0,0.0
1526876687648429709,1137,1526876687640085253,world,-0.00289380946197,-0.00112780439667,0.000647359993309,0.0,0.0,0.0
1526876687668750000,1138,1526876687660022106,world,-0.00377198308706,-0.000536674400792,-0.00166417518631,0.0,0.0,0.0
1526876687688161119,1139,1526876687679918348,world,0.00348118785769,0.000335911288857,0.00312320352532,0.0,0.0,0.0
1526876687708677753,1140,1526876687699878949,world,-0.00128467078321,0.00380168505944,-0.00338174216449,0.0,0.0,0.0
1526876687728049976,1141,1526876687719802808,world,-0.00404462171718,-0.00157847849187,-0.00145150278695,0.0,0.0,0.0
1526876687748276082,1142,1526876687739602264,world,-0.00518639571965,0.00363324186765,0.00526764057577,0.0,0.0,0.0
1526876687768695894,1143,1526876687760438999,world,-0.00368330138735,0.00418243603781,0.00498289056122,0.0,0.0,0.0
1526876687787919379,1144,1526876687780465007,world,-0.00794588308781,0.00550785008818,0.00253450032324,0.0,0.0,0.0
1526876687808152679,1145,1526876687800296964,world,-0.00852848961949,0.0038621914573,0.00266112713143,0.0,0.0,0.0
1526876687828689321,1146,1526876687820157163,world,-0.00420805206522,0.00632025673985,0.00937779061496,0.0,0.0,0.0
1526876687848079922,1147,1526876687840017619,world,-0.00989211909473,0.00887234508991,0.00125880748965,0.0,0.0,0.0
1526876687868318490,1148,1526876687859804539,world,-0.0148665020242,0.00480498652905,0.00248946389183,0.0,0.0,0.0
1526876687888800158,1149,1526876687879944583,world,-0.0120995901525,0.007772738114,0.00854721013457,0.0,0.0,0.0
1526876687908305215,1150,1526876687899957625,world,-0.012074155733,0.010300909169,0.0111703854054,0.0,0.0,0.0
1526876687928567479,1151,1526876687919903699,world,-0.0110265407711,0.00788600742817,0.00539867673069,0.0,0.0,0.0
1526876687949018614,1152,1526876687939929351,world,-0.00797253008932,0.00480136927217,0.0179248098284,0.0,0.0,0.0
1526876687968471216,1153,1526876687959653317,world,-0.0161002781242,-0.000853622099385,0.00794908963144,0.0,0.0,0.0
1526876687988720380,1154,1526876687980625337,world,-0.0162797346711,-0.00236414605752,0.00612336024642,0.0,0.0,0.0
1526876688008237974,1155,1526876688000535171,world,-0.0123120751232,0.00499838870019,0.0138971302658,0.0,0.0,0.0
1526876688028590633,1156,1526876688020561408,world,-0.0153511660174,0.00207049353048,0.0112755633891,0.0,0.0,0.0
1526876688048839245,1157,1526876688040452171,world,-0.0267270412296,0.00506084784865,0.017459731549,0.0,0.0,0.0
1526876688068231748,1158,1526876688060296119,world,-0.0274906642735,0.00285436934792,0.0129648838192,0.0,0.0,0.0
1526876688088267393,1159,1526876688080025742,world,-0.040770817548,0.00547689339146,0.0100599452853,0.0,0.0,0.0
1526876688108743806,1160,1526876688099485372,world,-0.0439049303532,0.00723327510059,0.00939493719488,0.0,0.0,0.0
1526876688128142569,1161,1526876688120065501,world,-0.044332139194,0.00924351252615,0.015490019694,0.0,0.0,0.0
1526876688148323396,1162,1526876688139838784,world,-0.0647658035159,0.0123213455081,0.0167053677142,0.0,0.0,0.0
1526876688168946547,1163,1526876688160595840,world,-0.0614296421409,0.0113521367311,0.0142259923741,0.0,0.0,0.0
1526876688188249961,1164,1526876688180433425,world,-0.0791091248393,0.0163743309677,0.0279775261879,0.0,0.0,0.0
1526876688208707381,1165,1526876688200302940,world,-0.0850387960672,0.0157744213939,0.02175094001,0.0,0.0,0.0
1526876688228973728,1166,1526876688220210288,world,-0.0912645608187,0.0162156075239,0.0124355405569,0.0,0.0,0.0
1526876688248393680,1167,1526876688240107962,world,-0.126341328025,0.0283538643271,0.0188820045441,0.0,0.0,0.0
1526876688268805149,1168,1526876688259834170,world,-0.118359431624,0.0319277569652,0.0169465672225,0.0,0.0,0.0
1526876688288066835,1169,1526876688280662938,world,-0.170865446329,0.0385417640209,0.0168962329626,0.0,0.0,0.0
1526876688308543393,1170,1526876688300397865,world,-0.15978422761,0.0330358631909,0.019075319171,0.0,0.0,0.0
1526876688328839229,1171,1526876688320172079,world,-0.158618211746,0.0320565886796,0.0192366987467,0.0,0.0,0.0
1526876688348193177,1172,1526876688340092252,world,-0.219027459621,0.0371232554317,0.0313218981028,0.0,0.0,0.0
1526876688368530670,1173,1526876688359929375,world,-0.205838292837,0.0380751118064,0.0334280207753,0.0,0.0,0.0
1526876688388940272,1174,1526876688379985841,world,-0.262386023998,0.048508502543,0.0424490943551,0.0,0.0,0.0
1526876688408365458,1175,1526876688399781524,world,-0.240691766143,0.0504032671452,0.0452983006835,0.0,0.0,0.0
1526876688428865620,1176,1526876688420724235,world,-0.295582711697,0.0663186758757,0.063126116991,0.0,0.0,0.0
1526876688448216995,1177,1526876688440610034,world,-0.280044704676,0.0564774312079,0.0503840111196,0.0,0.0,0.0
1526876688468708385,1178,1526876688460473584,world,-0.265945672989,0.054937466979,0.0546047911048,0.0,0.0,0.0
1526876688487958109,1179,1526876688480271442,world,-0.345412641764,0.0760975256562,0.0776801407337,0.0,0.0,0.0
1526876688508255916,1180,1526876688500006240,world,-0.319092988968,0.0635966062546,0.0696835070848,0.0,0.0,0.0
1526876688528680340,1181,1526876688519851943,world,-0.295619338751,0.0694505870342,0.0799693316221,0.0,0.0,0.0
1526876688548177866,1182,1526876688539811722,world,-0.384955585003,0.0890780985355,0.101294726133,0.0,0.0,0.0
1526876688568678003,1183,1526876688560563224,world,-0.351169705391,0.0787443891168,0.0933746546507,0.0,0.0,0.0
1526876688587931289,1184,1526876688580588357,world,-0.43646171689,0.0958623290062,0.118649832904,0.0,0.0,0.0
1526876688608115660,1185,1526876688600303676,world,-0.38501277566,0.0908358171582,0.121766149998,0.0,0.0,0.0
1526876688628595700,1186,1526876688620312474,world,-0.453039348125,0.104777805507,0.144903734326,0.0,0.0,0.0
1526876688647898256,1187,1526876688640034272,world,-0.416655391455,0.0979456603527,0.143964499235,0.0,0.0,0.0
1526876688668333417,1188,1526876688659864337,world,-0.384657263756,0.0947706252337,0.143683433533,0.0,0.0,0.0
1526876688688709266,1189,1526876688679633849,world,-0.472556322813,0.115191861987,0.181163653731,0.0,0.0,0.0
1526876688707867542,1190,1526876688700406859,world,-0.429951369762,0.108094483614,0.181716650724,0.0,0.0,0.0
1526876688728346833,1191,1526876688720173398,world,-0.409514725208,0.101186558604,0.171832561493,0.0,0.0,0.0
1526876688748697669,1192,1526876688739893243,world,-0.504530191422,0.125209212303,0.225164622068,0.0,0.0,0.0
1526876688767878378,1193,1526876688759857141,world,-0.465373903513,0.117644056678,0.21574485302,0.0,0.0,0.0
1526876688788287396,1194,1526876688779726176,world,-0.548953652382,0.136712491512,0.255272388458,0.0,0.0,0.0
1526876688808668936,1195,1526876688800533721,world,-0.487381249666,0.123178757727,0.237125903368,0.0,0.0,0.0
1526876688828986570,1196,1526876688820440548,world,-0.568857431412,0.148401215672,0.3008710742,0.0,0.0,0.0
1526876688848336057,1197,1526876688840469141,world,-0.513449907303,0.135834485292,0.301110506058,0.0,0.0,0.0
1526876688868687150,1198,1526876688860335240,world,-0.477115571499,0.118901640177,0.300584495068,0.0,0.0,0.0
1526876688887921755,1199,1526876688880204871,world,-0.572567820549,0.14686653018,0.434769511223,0.0,0.0,0.0
1526876688908423343,1200,1526876688900095333,world,-0.48868432641,0.125215291977,0.418084800243,0.0,0.0,0.0
1526876688928779706,1201,1526876688920009452,world,-0.437235534191,0.115402169526,0.428307950497,0.0,0.0,0.0
1526876688948205494,1202,1526876688939908463,world,-0.514596521854,0.132669046521,0.590573549271,0.0,0.0,0.0
1526876688968716144,1203,1526876688959745980,world,-0.431690663099,0.119857877493,0.564167380333,0.0,0.0,0.0
1526876688988009875,1204,1526876688980706182,world,-0.504916965961,0.134862050414,0.724721908569,0.0,0.0,0.0
1526876689008212263,1205,1526876688999611683,world,-0.430060148239,0.112513527274,0.658926844597,0.0,0.0,0.0
1526876689028699648,1206,1526876689020519595,world,-0.387120962143,0.102842673659,0.632568895817,0.0,0.0,0.0
1526876689047929502,1207,1526876689040442672,world,-0.45564904809,0.115284457803,0.805910587311,0.0,0.0,0.0
1526876689068304589,1208,1526876689060262443,world,-0.387652397156,0.0972358137369,0.713125705719,0.0,0.0,0.0
1526876689088585132,1209,1526876689079864584,world,-0.410236209631,0.109382897615,0.841401994228,0.0,0.0,0.0
1526876689107969729,1210,1526876689100596540,world,-0.351057976484,0.0958270058036,0.758388459682,0.0,0.0,0.0
1526876689128336805,1211,1526876689120556749,world,-0.303383946419,0.0950452461839,0.717948019505,0.0,0.0,0.0
1526876689148700455,1212,1526876689139842383,world,-0.338062345982,0.113091319799,0.875294804573,0.0,0.0,0.0
1526876689167985525,1213,1526876689159797532,world,-0.300405085087,0.0959541648626,0.804926991463,0.0,0.0,0.0
1526876689188237280,1214,1526876689180765973,world,-0.330274522305,0.0992240905762,0.923753380775,0.0,0.0,0.0
1526876689208686151,1215,1526876689199990833,world,-0.282924413681,0.0764699056745,0.793915748596,0.0,0.0,0.0
1526876689227943140,1216,1526876689219806521,world,-0.249090343714,0.0723262503743,0.757204174995,0.0,0.0,0.0
1526876689248365106,1217,1526876689239634856,world,-0.275648593903,0.0893407687545,0.86828404665,0.0,0.0,0.0
1526876689268825286,1218,1526876689260596625,world,-0.228126555681,0.085465028882,0.747251629829,0.0,0.0,0.0
1526876689288268112,1219,1526876689280554867,world,-0.235719993711,0.124967820942,0.878133773804,0.0,0.0,0.0
1526876689308540580,1220,1526876689300304114,world,-0.18966114521,0.117782711983,0.751711845398,0.0,0.0,0.0
1526876689328854371,1221,1526876689320007013,world,-0.162906914949,0.116498395801,0.689501404762,0.0,0.0,0.0
1526876689348177245,1222,1526876689340010158,world,-0.180007189512,0.143026947975,0.835454821587,0.0,0.0,0.0
1526876689368655686,1223,1526876689359864056,world,-0.147482231259,0.121907107532,0.719128847122,0.0,0.0,0.0
1526876689388974772,1224,1526876689379621659,world,-0.147531449795,0.131063640118,0.809661030769,0.0,0.0,0.0
1526876689408301291,1225,1526876689400631471,world,-0.115962445736,0.1228126809,0.721737623215,0.0,0.0,0.0
1526876689428608701,1226,1526876689420562864,world,-0.105850383639,0.150016888976,0.801239967346,0.0,0.0,0.0
1526876689448010761,1227,1526876689440409400,world,-0.0722255259752,0.144669443369,0.707450091839,0.0,0.0,0.0
1526876689468486020,1228,1526876689460281438,world,-0.052208006382,0.144777864218,0.643579125404,0.0,0.0,0.0
1526876689488850343,1229,1526876689480259150,world,-0.0422326587141,0.18245741725,0.747128725052,0.0,0.0,0.0
1526876689508264568,1230,1526876689500001193,world,-0.0281676463783,0.167035937309,0.665800154209,0.0,0.0,0.0
1526876689528500425,1231,1526876689519999870,world,-0.0153598589823,0.147448092699,0.604765534401,0.0,0.0,0.0
1526876689548921674,1232,1526876689539855703,world,-0.00226432411,0.165053606033,0.705490469933,0.0,0.0,0.0
1526876689568195397,1233,1526876689559641466,world,0.0121645927429,0.14433825016,0.627482056618,0.0,0.0,0.0
1526876689588503715,1234,1526876689580676110,world,0.0405177809298,0.159412890673,0.702846586704,0.0,0.0,0.0
1526876689609046677,1235,1526876689600606159,world,0.0581241473556,0.148635208607,0.618135929108,0.0,0.0,0.0
1526876689628334189,1236,1526876689620630066,world,0.070802256465,0.14560726285,0.576469779015,0.0,0.0,0.0
1526876689648807922,1237,1526876689640385804,world,0.113810323179,0.17959022522,0.677570521832,0.0,0.0,0.0
1526876689668218249,1238,1526876689660341772,world,0.11691249907,0.165919661522,0.60598897934,0.0,0.0,0.0
1526876689688551709,1239,1526876689680400287,world,0.14943036437,0.183028578758,0.671810626984,0.0,0.0,0.0
1526876689708984085,1240,1526876689700096438,world,0.145269542933,0.152932614088,0.575964450836,0.0,0.0,0.0
1526876689728401066,1241,1526876689719850926,world,0.159156501293,0.135483324528,0.538481533527,0.0,0.0,0.0
1526876689748789915,1242,1526876689739696204,world,0.214951962233,0.153560250998,0.619511246681,0.0,0.0,0.0
1526876689768146508,1243,1526876689760605595,world,0.223985359073,0.136912673712,0.564206004143,0.0,0.0,0.0
1526876689788495470,1244,1526876689780721051,world,0.28891313076,0.151160150766,0.638819217682,0.0,0.0,0.0
1526876689808848314,1245,1526876689800551083,world,0.273088276386,0.13350430131,0.557378172874,0.0,0.0,0.0
1526876689828234489,1246,1526876689820472160,world,0.274265229702,0.122885473073,0.524182796478,0.0,0.0,0.0
1526876689848782909,1247,1526876689840339240,world,0.342269271612,0.134376138449,0.603139519691,0.0,0.0,0.0
1526876689868198498,1248,1526876689859975831,world,0.32135617733,0.112493753433,0.534814119339,0.0,0.0,0.0
1526876689888666101,1249,1526876689879846284,world,0.388065874577,0.108287654817,0.586767554283,0.0,0.0,0.0
1526876689908006760,1250,1526876689900621817,world,0.369780123234,0.0892885625362,0.512998700142,0.0,0.0,0.0
1526876689928354796,1251,1526876689920560298,world,0.362807571888,0.0756193846464,0.465787500143,0.0,0.0,0.0
1526876689948837045,1252,1526876689940452227,world,0.456983923912,0.0744474977255,0.538944423199,0.0,0.0,0.0
1526876689968265168,1253,1526876689960430434,world,0.424751400948,0.0599823147058,0.482997864485,0.0,0.0,0.0
1526876689988705599,1254,1526876689980358945,world,0.503535151482,0.0560291260481,0.544579327106,0.0,0.0,0.0
1526876690008042221,1255,1526876690000390761,world,0.46174800396,0.0390092246234,0.480392873287,0.0,0.0,0.0
1526876690028305588,1256,1526876690020304203,world,0.427607834339,0.0187743362039,0.429407954216,0.0,0.0,0.0
1526876690048805683,1257,1526876690040028720,world,0.521355271339,0.00465131737292,0.495167791843,0.0,0.0,0.0
1526876690068124041,1258,1526876690059987302,world,0.487195879221,-0.00453165592626,0.438300967216,0.0,0.0,0.0
1526876690088116440,1259,1526876690079737640,world,0.571261048317,-0.0236619524658,0.482929110527,0.0,0.0,0.0
1526876690108562149,1260,1526876690100261252,world,0.510867834091,-0.0324506610632,0.414666950703,0.0,0.0,0.0
1526876690128712609,1261,1526876690120106455,world,0.480537950993,-0.0423010960221,0.377683967352,0.0,0.0,0.0
1526876690148183348,1262,1526876690140152718,world,0.597450017929,-0.0729626491666,0.452223360538,0.0,0.0,0.0
1526876690168437370,1263,1526876690159956654,world,0.515520572662,-0.0765370279551,0.386036276817,0.0,0.0,0.0
1526876690188796032,1264,1526876690179849198,world,0.596736431122,-0.105202525854,0.425493240356,0.0,0.0,0.0
1526876690208167968,1265,1526876690199861338,world,0.534287154675,-0.10543230921,0.362187981606,0.0,0.0,0.0
1526876690228591983,1266,1526876690220598594,world,0.603920102119,-0.133895128965,0.390378177166,0.0,0.0,0.0
1526876690248101546,1267,1526876690240380096,world,0.53685104847,-0.135250255466,0.342406511307,0.0,0.0,0.0
1526876690268294256,1268,1526876690260258845,world,0.493427783251,-0.131138294935,0.318775773048,0.0,0.0,0.0
1526876690288693187,1269,1526876690279940922,world,0.590291142464,-0.176074534655,0.397595703602,0.0,0.0,0.0
1526876690308023791,1270,1526876690299835155,world,0.538329005241,-0.178590476513,0.380527377129,0.0,0.0,0.0
1526876690328485907,1271,1526876690320720487,world,0.605519771576,-0.230598017573,0.467450678349,0.0,0.0,0.0
1526876690348597495,1272,1526876690340413485,world,0.534228384495,-0.222175121307,0.441573768854,0.0,0.0,0.0
1526876690367972425,1273,1526876690360075107,world,0.507359027863,-0.236138731241,0.453207999468,0.0,0.0,0.0
1526876690388335848,1274,1526876690380117341,world,0.58787548542,-0.312917768955,0.587864637375,0.0,0.0,0.0
1526876690408781000,1275,1526876690399961244,world,0.51203250885,-0.302784919739,0.549355566502,0.0,0.0,0.0
1526876690428125609,1276,1526876690419840678,world,0.477825552225,-0.310224443674,0.543320894241,0.0,0.0,0.0
1526876690448580451,1277,1526876690439849765,world,0.552976965904,-0.403621315956,0.670250535011,0.0,0.0,0.0
1526876690468825701,1278,1526876690460674677,world,0.482716977596,-0.377486288548,0.598058581352,0.0,0.0,0.0
1526876690488276344,1279,1526876690480539994,world,0.559445559978,-0.487423628569,0.717969417572,0.0,0.0,0.0
1526876690508503704,1280,1526876690500298429,world,0.475242555141,-0.443193495274,0.612442016602,0.0,0.0,0.0
1526876690528782026,1281,1526876690519951775,world,0.429657429457,-0.428998231888,0.555132031441,0.0,0.0,0.0
1526876690547974045,1282,1526876690539799090,world,0.515379488468,-0.562477886677,0.670556902885,0.0,0.0,0.0
1526876690568214896,1283,1526876690560630514,world,0.436451911926,-0.512218177319,0.569222450256,0.0,0.0,0.0
1526876690588649798,1284,1526876690580451347,world,0.479299724102,-0.617542028427,0.62321382761,0.0,0.0,0.0
1526876690607794861,1285,1526876690600219721,world,0.421032518148,-0.574177384377,0.541357040405,0.0,0.0,0.0
1526876690628079860,1286,1526876690620353650,world,0.368713676929,-0.550254106522,0.474739462137,0.0,0.0,0.0
1526876690648414502,1287,1526876690640041853,world,0.419290840626,-0.679312705994,0.535858213902,0.0,0.0,0.0
1526876690668641231,1288,1526876690659690479,world,0.354723095894,-0.623912930489,0.454676747322,0.0,0.0,0.0
1526876690687957141,1289,1526876690680430126,world,0.39959743619,-0.776302576065,0.514692723751,0.0,0.0,0.0
1526876690708389499,1290,1526876690700203279,world,0.324397355318,-0.685284137726,0.414307564497,0.0,0.0,0.0
1526876690728654783,1291,1526876690719921143,world,0.284781754017,-0.652738571167,0.361406028271,0.0,0.0,0.0
1526876690747932936,1292,1526876690739596015,world,0.319021642208,-0.83384758234,0.404858529568,0.0,0.0,0.0
1526876690768204824,1293,1526876690760381546,world,0.26398229599,-0.750683546066,0.339068353176,0.0,0.0,0.0
1526876690788543015,1294,1526876690780241037,world,0.278521060944,-0.890908718109,0.365772426128,0.0,0.0,0.0
1526876690808816490,1295,1526876690800039352,world,0.221016347408,-0.799538731575,0.303806871176,0.0,0.0,0.0
1526876690828193966,1296,1526876690819763947,world,0.196280986071,-0.788270711899,0.281097173691,0.0,0.0,0.0
1526876690848535189,1297,1526876690840385313,world,0.196080207825,-0.956716120243,0.305416285992,0.0,0.0,0.0
1526876690868836296,1298,1526876690860085427,world,0.161099374294,-0.859914302826,0.257303088903,0.0,0.0,0.0
1526876690888309262,1299,1526876690879993659,world,0.166370540857,-1.05561041832,0.284356683493,0.0,0.0,0.0
1526876690908585667,1300,1526876690900045817,world,0.128481149673,-0.934231758118,0.233866542578,0.0,0.0,0.0
1526876690929136193,1301,1526876690919840831,world,0.104218885303,-0.883349537849,0.195973992348,0.0,0.0,0.0
1526876690948405784,1302,1526876690939885851,world,0.105370640755,-1.11338067055,0.208662524819,0.0,0.0,0.0
1526876690968697057,1303,1526876690959762356,world,0.0770347937942,-0.987785339355,0.167689889669,0.0,0.0,0.0
1526876690987978057,1304,1526876690980649210,world,0.0687535777688,-1.20088863373,0.16752192378,0.0,0.0,0.0
1526876691008288532,1305,1526876691000483626,world,0.0477763302624,-1.05118811131,0.125030606985,0.0,0.0,0.0
1526876691028734969,1306,1526876691020477777,world,0.0302272960544,-1.21884083748,0.114185899496,0.0,0.0,0.0
1526876691047848636,1307,1526876691040491181,world,0.0131831904873,-1.09872174263,0.0808117389679,0.0,0.0,0.0
1526876691068581445,1308,1526876691060184642,world,0.00239532347769,-1.01541805267,0.0548076927662,0.0,0.0,0.0
1526876691088493324,1309,1526876691079788488,world,-0.0139864236116,-1.22453308105,0.0237891692668,0.0,0.0,0.0
1526876691107897021,1310,1526876691100407227,world,-0.0172563828528,-1.11431384087,0.000735007226467,0.0,0.0,0.0
1526876691128241230,1311,1526876691120367203,world,-0.0351961962879,-1.28231394291,-0.046124599874,0.0,0.0,0.0
1526876691148502304,1312,1526876691140191538,world,-0.0363802164793,-1.12202298641,-0.0685064643621,0.0,0.0,0.0
1526876691168929039,1313,1526876691159955559,world,-0.0367849841714,-1.04118204117,-0.0873652249575,0.0,0.0,0.0
1526876691188356924,1314,1526876691179778958,world,-0.0515421405435,-1.26993942261,-0.154986441135,0.0,0.0,0.0
1526876691208549246,1315,1526876691200676171,world,-0.0494124107063,-1.10554051399,-0.175907254219,0.0,0.0,0.0
1526876691227773886,1316,1526876691220533192,world,-0.0594491660595,-1.29450964928,-0.266593158245,0.0,0.0,0.0
1526876691248164983,1317,1526876691240190300,world,-0.0567488744855,-1.10433745384,-0.267484903336,0.0,0.0,0.0
1526876691268547878,1318,1526876691259802257,world,-0.0548075214028,-1.00427603722,-0.278310120106,0.0,0.0,0.0
1526876691289040626,1319,1526876691280570777,world,-0.0639376491308,-1.16763699055,-0.376974821091,0.0,0.0,0.0
1526876691308482348,1320,1526876691300573082,world,-0.0634727329016,-1.04049992561,-0.367393493652,0.0,0.0,0.0
1526876691329035239,1321,1526876691320446177,world,-0.0596864074469,-0.94630664587,-0.35951590538,0.0,0.0,0.0
1526876691348145685,1322,1526876691340384353,world,-0.0846304744482,-1.12463033199,-0.470835417509,0.0,0.0,0.0
1526876691368513771,1323,1526876691360182264,world,-0.0756538361311,-0.965386986732,-0.418854951859,0.0,0.0,0.0
1526876691389037764,1324,1526876691380180507,world,-0.0880730003119,-1.06608295441,-0.479138553143,0.0,0.0,0.0
1526876691408087184,1325,1526876691400139941,world,-0.0837541297078,-0.920912384987,-0.41491317749,0.0,0.0,0.0
1526876691428360311,1326,1526876691420028292,world,-0.0756593644619,-0.826813459396,-0.382935225964,0.0,0.0,0.0
1526876691448615332,1327,1526876691439900961,world,-0.0899708867073,-0.928068578243,-0.410003423691,0.0,0.0,0.0
1526876691468668413,1328,1526876691460606827,world,-0.0824580192566,-0.794481575489,-0.359580248594,0.0,0.0,0.0
1526876691488190517,1329,1526876691480319173,world,-0.0919624492526,-0.886479973793,-0.361087024212,0.0,0.0,0.0
1526876691508351604,1330,1526876691500084678,world,-0.0778591409326,-0.736186623573,-0.291862308979,0.0,0.0,0.0
1526876691528615497,1331,1526876691519901421,world,-0.0741036087275,-0.658408582211,-0.258053958416,0.0,0.0,0.0
1526876691548486334,1332,1526876691540613046,world,-0.0767875835299,-0.745738625526,-0.231175929308,0.0,0.0,0.0
1526876691567875848,1333,1526876691560289015,world,-0.0689852982759,-0.631534874439,-0.179278939962,0.0,0.0,0.0
1526876691588092511,1334,1526876691579981884,world,-0.0757940560579,-0.680248141289,-0.161725342274,0.0,0.0,0.0
1526876691608484687,1335,1526876691599586578,world,-0.0701251924038,-0.558513522148,-0.119472593069,0.0,0.0,0.0
1526876691628683604,1336,1526876691620520609,world,-0.0803388953209,-0.59920579195,-0.0916096866131,0.0,0.0,0.0
1526876691647934435,1337,1526876691640158495,world,-0.0684821233153,-0.511825740337,-0.0585423335433,0.0,0.0,0.0
1526876691668726655,1338,1526876691659995043,world,-0.0643171742558,-0.444576203823,-0.0332526825368,0.0,0.0,0.0
1526876691688823264,1339,1526876691679970006,world,-0.0699644386768,-0.48929810524,8.27796757221e-05,0.0,0.0,0.0
1526876691708168955,1340,1526876691699857379,world,-0.0683166533709,-0.417646914721,0.0164818651974,0.0,0.0,0.0
1526876691728583959,1341,1526876691719678949,world,-0.0592396557331,-0.366147637367,0.0283649899065,0.0,0.0,0.0
1526876691748771688,1342,1526876691740514663,world,-0.0737041831017,-0.410706162453,0.0503386482596,0.0,0.0,0.0
1526876691768137896,1343,1526876691760284585,world,-0.069868825376,-0.351115107536,0.0558993071318,0.0,0.0,0.0
1526876691788417765,1344,1526876691780154616,world,-0.0871244966984,-0.371886849403,0.0730213373899,0.0,0.0,0.0
1526876691808564425,1345,1526876691799815298,world,-0.0752003341913,-0.307949602604,0.0669695585966,0.0,0.0,0.0
1526876691828847158,1346,1526876691820664028,world,-0.0885186195374,-0.324863731861,0.084634795785,0.0,0.0,0.0
1526876691848036883,1347,1526876691840373501,world,-0.0813159793615,-0.270078957081,0.0780582427979,0.0,0.0,0.0
1526876691868408544,1348,1526876691860140641,world,-0.074772156775,-0.235222399235,0.0661150962114,0.0,0.0,0.0
1526876691888604938,1349,1526876691879876735,world,-0.0871093869209,-0.24979993701,0.0871765613556,0.0,0.0,0.0
1526876691908132914,1350,1526876691899581759,world,-0.0793506875634,-0.20645429194,0.0772669091821,0.0,0.0,0.0
1526876691928468762,1351,1526876691920400082,world,-0.0898101627827,-0.218730092049,0.0840842649341,0.0,0.0,0.0
1526876691948824099,1352,1526876691940246882,world,-0.0746300518513,-0.177463009953,0.0740497112274,0.0,0.0,0.0
1526876691968080197,1353,1526876691960063331,world,-0.0745606720448,-0.150338888168,0.067840129137,0.0,0.0,0.0
1526876691988408529,1354,1526876691980012609,world,-0.0856273621321,-0.159533813596,0.0803884416819,0.0,0.0,0.0
1526876692008796258,1355,1526876691999855069,world,-0.0740953311324,-0.131892338395,0.0672798231244,0.0,0.0,0.0
1526876692028168357,1356,1526876692019670600,world,-0.0700985342264,-0.111984074116,0.0633940547705,0.0,0.0,0.0
1526876692048668907,1357,1526876692040616985,world,-0.0875447690487,-0.115636125207,0.0713577866554,0.0,0.0,0.0
1526876692068653146,1358,1526876692060341214,world,-0.0707225948572,-0.0935745984316,0.0601797550917,0.0,0.0,0.0
1526876692087940960,1359,1526876692079831546,world,-0.0829515755177,-0.0938818380237,0.0740746185184,0.0,0.0,0.0
1526876692108276886,1360,1526876692100332505,world,-0.0684269592166,-0.0704177692533,0.0614828243852,0.0,0.0,0.0
1526876692128600539,1361,1526876692119858496,world,-0.0645855292678,-0.0601575896144,0.0541747882962,0.0,0.0,0.0
1526876692147768232,1362,1526876692140453183,world,-0.0709748268127,-0.0568202212453,0.0645639300346,0.0,0.0,0.0
1526876692168201428,1363,1526876692160003908,world,-0.0610580742359,-0.0449649430811,0.0516424514353,0.0,0.0,0.0
1526876692188313158,1364,1526876692179695440,world,-0.0620214156806,-0.0404609069228,0.0576815158129,0.0,0.0,0.0
1526876692208809930,1365,1526876692200282976,world,-0.0556511506438,-0.0277462154627,0.0504317581654,0.0,0.0,0.0
1526876692228016363,1366,1526876692220034871,world,-0.0608500614762,-0.0176407396793,0.0571417622268,0.0,0.0,0.0
1526876692248448166,1367,1526876692239549032,world,-0.0547293275595,-0.0121309496462,0.046681009233,0.0,0.0,0.0
1526876692268678286,1368,1526876692260265088,world,-0.0447432026267,-0.00597436074167,0.0399438813329,0.0,0.0,0.0
1526876692288022881,1369,1526876692279972461,world,-0.0473357364535,0.00391384540126,0.0508937239647,0.0,0.0,0.0
1526876692308941877,1370,1526876692299785642,world,-0.0388382449746,0.00666375923902,0.038700632751,0.0,0.0,0.0
1526876692328658572,1371,1526876692319764889,world,-0.0332108922303,0.0113932769746,0.0377989634871,0.0,0.0,0.0
1526876692348021795,1372,1526876692340660459,world,-0.0366300046444,0.0211425721645,0.0434062406421,0.0,0.0,0.0
1526876692368258794,1373,1526876692360523657,world,-0.0248040631413,0.0196332260966,0.0329822190106,0.0,0.0,0.0
1526876692388835738,1374,1526876692380318988,world,-0.0257387459278,0.0300484839827,0.0387086085975,0.0,0.0,0.0
1526876692408019955,1375,1526876692400152533,world,-0.0172295346856,0.0328860096633,0.0365410521626,0.0,0.0,0.0
1526876692428375489,1376,1526876692419965154,world,-0.0154039906338,0.0303266942501,0.0293400324881,0.0,0.0,0.0
1526876692448639204,1377,1526876692439853343,world,-0.0102669987828,0.041191931814,0.0338892787695,0.0,0.0,0.0
1526876692468068199,1378,1526876692460616423,world,-0.00734605081379,0.0416031777859,0.0283930487931,0.0,0.0,0.0
1526876692488348897,1379,1526876692480217953,world,-0.00278574414551,0.0505182333291,0.0363326892257,0.0,0.0,0.0
1526876692508642127,1380,1526876692500013724,world,-0.00375161319971,0.0469386205077,0.0294251516461,0.0,0.0,0.0
1526876692527933020,1381,1526876692519780327,world,-0.00112795247696,0.0462283566594,0.0259126983583,0.0,0.0,0.0
1526876692548394241,1382,1526876692540409585,world,0.000839202431962,0.0548594668508,0.02987155132,0.0,0.0,0.0
1526876692568739447,1383,1526876692560126985,world,-0.000711971428245,0.0502947829664,0.0277050249279,0.0,0.0,0.0
1526876692587987635,1384,1526876692579948559,world,0.00285612116568,0.0658642426133,0.0335102081299,0.0,0.0,0.0
1526876692608276415,1385,1526876692599731280,world,0.00124880834483,0.0571302175522,0.0287440400571,0.0,0.0,0.0
1526876692628638763,1386,1526876692619774248,world,0.00384793570265,0.0510839894414,0.021199118346,0.0,0.0,0.0
1526876692648907904,1387,1526876692639577795,world,0.00795723777264,0.0641340762377,0.0289443042129,0.0,0.0,0.0
1526876692668247450,1388,1526876692660442610,world,0.00519101321697,0.0568158850074,0.0198681466281,0.0,0.0,0.0
1526876692688704888,1389,1526876692680244328,world,0.00892081018537,0.0655465871096,0.0197203308344,0.0,0.0,0.0
1526876692708904474,1390,1526876692700108709,world,0.0082063479349,0.0580242760479,0.02001404576,0.0,0.0,0.0
1526876692728255743,1391,1526876692720056383,world,0.00728901196271,0.0713400244713,0.0184514131397,0.0,0.0,0.0
1526876692748674005,1392,1526876692739990216,world,0.00667669158429,0.0587607994676,0.0150104910135,0.0,0.0,0.0
1526876692768071222,1393,1526876692759811327,world,0.00959550589323,0.0562419183552,0.0202957149595,0.0,0.0,0.0
1526876692788532045,1394,1526876692779707170,world,0.00297997402959,0.0697336941957,0.0155757330358,0.0,0.0,0.0
1526876692808948018,1395,1526876692800410786,world,0.00570458779112,0.060285449028,0.0162303783,0.0,0.0,0.0
1526876692828162936,1396,1526876692820228873,world,0.00315868807957,0.0746398866177,0.0141682196409,0.0,0.0,0.0
1526876692848769723,1397,1526876692839930967,world,0.00567288417369,0.062285695225,0.0151931904256,0.0,0.0,0.0
1526876692867981701,1398,1526876692859602888,world,0.00688496232033,0.0590966045856,0.0158052369952,0.0,0.0,0.0
1526876692888395973,1399,1526876692880338599,world,0.00621289946139,0.0713468343019,0.0124475937337,0.0,0.0,0.0
1526876692908686283,1400,1526876692899913579,world,0.00363948266022,0.0629972666502,0.0103340372443,0.0,0.0,0.0
1526876692927975678,1401,1526876692920581746,world,0.00170228513889,0.0617122836411,0.00725666992366,0.0,0.0,0.0
1526876692948492577,1402,1526876692940514673,world,0.00489448523149,0.0704672858119,0.00542107783258,0.0,0.0,0.0
1526876692968819662,1403,1526876692960386759,world,0.00235171592794,0.0622282885015,0.00206313608214,0.0,0.0,0.0
1526876692988046001,1404,1526876692980173189,world,0.0044534849003,0.0720598176122,-0.000306616420858,0.0,0.0,0.0
1526876693008394883,1405,1526876692999866629,world,0.00536830164492,0.0615301281214,-0.000329648086336,0.0,0.0,0.0
1526876693028578026,1406,1526876693019769585,world,0.00245057302527,0.0567041225731,-0.00174956349656,0.0,0.0,0.0
1526876693047813500,1407,1526876693040541221,world,0.00403051450849,0.0675574094057,-0.00473763654009,0.0,0.0,0.0
1526876693068233400,1408,1526876693060197996,world,0.000540260109119,0.0604873411357,-0.00802310369909,0.0,0.0,0.0
1526876693088244120,1409,1526876693079851406,world,0.00122888584156,0.0643957480788,-0.0101838093251,0.0,0.0,0.0
1526876693108474126,1410,1526876693100407427,world,0.00112812384032,0.0582337081432,-0.00805648323148,0.0,0.0,0.0
1526876693128032415,1411,1526876693120349535,world,0.000414913578425,0.0650996118784,-0.0102717960253,0.0,0.0,0.0
1526876693148119224,1412,1526876693140151868,world,0.000846296199597,0.0551266670227,-0.00535944569856,0.0,0.0,0.0
1526876693168352557,1413,1526876693159994182,world,0.000237907137489,0.0452261194587,-0.0128356423229,0.0,0.0,0.0
1526876693188660505,1414,1526876693179912690,world,0.000339833262842,0.053737025708,-0.0084902048111,0.0,0.0,0.0
1526876693207844112,1415,1526876693199753171,world,0.00101154041477,0.0486841797829,-0.0111340964213,0.0,0.0,0.0
1526876693228190035,1416,1526876693220549851,world,0.00249154772609,0.0405730456114,-0.00621752254665,0.0,0.0,0.0
1526876693248474568,1417,1526876693240478596,world,-0.00204487796873,0.0493537634611,-0.0090331826359,0.0,0.0,0.0
1526876693268784033,1418,1526876693260253902,world,-0.00146755110472,0.0409479364753,-0.0102380868047,0.0,0.0,0.0
1526876693288189925,1419,1526876693280116287,world,-0.00174189754762,0.0449612364173,-0.00824042316526,0.0,0.0,0.0
1526876693308362301,1420,1526876693300102206,world,-0.000297821243294,0.040180772543,-0.00803036894649,0.0,0.0,0.0
1526876693328795582,1421,1526876693319999751,world,0.000275737489574,0.0326355323195,-0.00597925670445,0.0,0.0,0.0
1526876693347820245,1422,1526876693339894263,world,-0.0012031972874,0.0331768803298,-0.015542736277,0.0,0.0,0.0
1526876693368325636,1423,1526876693359572209,world,-0.000703910016455,0.026076041162,-0.0132900411263,0.0,0.0,0.0
1526876693388490791,1424,1526876693380460473,world,-0.00115330389235,0.0278228726238,-0.0127052012831,0.0,0.0,0.0
1526876693408829542,1425,1526876693400092619,world,-0.00246677594259,0.0210961699486,-0.0159263834357,0.0,0.0,0.0
1526876693428077027,1426,1526876693419816000,world,0.000887255650014,0.0214164368808,-0.0123346988112,0.0,0.0,0.0
1526876693448347742,1427,1526876693440482960,world,0.00139551132452,0.0180168002844,-0.0196761749685,0.0,0.0,0.0
1526876693468815598,1428,1526876693460170500,world,-0.00182684022002,0.0191506016999,-0.0151837747544,0.0,0.0,0.0
1526876693488036404,1429,1526876693479883290,world,0.00295109255239,0.0163320992142,-0.0175098963082,0.0,0.0,0.0
1526876693508355844,1430,1526876693499592715,world,-0.00161500507966,0.0109607446939,-0.0199893563986,0.0,0.0,0.0
1526876693528938451,1431,1526876693520224196,world,0.00218717800453,0.0110522788018,-0.0155417174101,0.0,0.0,0.0
1526876693548184130,1432,1526876693540299035,world,-0.00176888168789,0.0104855746031,-0.0249814726412,0.0,0.0,0.0
1526876693568525471,1433,1526876693560030861,world,-0.000800489622634,0.00800393149257,-0.01700524427,0.0,0.0,0.0
1526876693588878194,1434,1526876693579947852,world,-0.00208872184157,0.00830892287195,-0.0218736920506,0.0,0.0,0.0
1526876693608084638,1435,1526876693599663617,world,-0.00120475073345,0.00537957251072,-0.0202860534191,0.0,0.0,0.0
1526876693628479160,1436,1526876693619621726,world,-0.000392479356378,0.00480287987739,-0.0232239440084,0.0,0.0,0.0
1526876693648744248,1437,1526876693640578481,world,0.000928950728849,0.00246138917282,-0.0282837077975,0.0,0.0,0.0
1526876693668037615,1438,1526876693660289013,world,0.00294927321374,0.00371443410404,-0.0252162832767,0.0,0.0,0.0
1526876693688433882,1439,1526876693679939738,world,0.00541041325778,0.00103688216768,-0.0324807539582,0.0,0.0,0.0
1526876693708685394,1440,1526876693700543674,world,0.00800368376076,0.0014523526188,-0.0277208685875,0.0,0.0,0.0
1526876693728064890,1441,1526876693720252063,world,0.00896996725351,0.00150949682575,-0.0285051222891,0.0,0.0,0.0
1526876693748412205,1442,1526876693739986110,world,0.013979839161,-0.00168798584491,-0.0347469113767,0.0,0.0,0.0
1526876693768699982,1443,1526876693759767386,world,0.0142706800252,-0.00486369011924,-0.0363594256341,0.0,0.0,0.0
1526876693787827138,1444,1526876693779648547,world,0.0200866796076,-0.000464673619717,-0.0322402529418,0.0,0.0,0.0
1526876693808074437,1445,1526876693800508168,world,0.0187464375049,-0.00401250133291,-0.033851146698,0.0,0.0,0.0
1526876693828427949,1446,1526876693820606506,world,0.0246204212308,-0.00279587577097,-0.035556614399,0.0,0.0,0.0
1526876693848890000,1447,1526876693840470317,world,0.020602716133,-0.00431620888412,-0.0324620939791,0.0,0.0,0.0
1526876693868127594,1448,1526876693860226357,world,0.0213769413531,-0.00126339611597,-0.0300249792635,0.0,0.0,0.0
1526876693888365606,1449,1526876693880138848,world,0.0213998407125,-0.00126010377426,-0.0393665060401,0.0,0.0,0.0
1526876693908749889,1450,1526876693899922840,world,0.0223656147718,-0.00206101941876,-0.0349195376039,0.0,0.0,0.0
1526876693928069238,1451,1526876693919873818,world,0.0241095237434,-0.000758400885388,-0.0442130155861,0.0,0.0,0.0
1526876693948342116,1452,1526876693940581457,world,0.0178209673613,0.00124263076577,-0.0361329987645,0.0,0.0,0.0
1526876693968747571,1453,1526876693960490287,world,0.0175882857293,0.00173001829535,-0.0363314598799,0.0,0.0,0.0
1526876693988027789,1454,1526876693980364873,world,0.0193095169961,0.000389448920032,-0.0451295338571,0.0,0.0,0.0
1526876694008475522,1455,1526876694000233336,world,0.0114767467603,0.00565882353112,-0.0388201698661,0.0,0.0,0.0
1526876694029057628,1456,1526876694020149146,world,0.0158091597259,0.00473289098591,-0.0456390380859,0.0,0.0,0.0
1526876694048220662,1457,1526876694040083495,world,0.0126887187362,0.00641901046038,-0.0441551283002,0.0,0.0,0.0
1526876694068408423,1458,1526876694059864768,world,0.00659034540877,0.00652446132153,-0.0429194681346,0.0,0.0,0.0
1526876694088676829,1459,1526876694079907659,world,0.0105162858963,0.00929020158947,-0.0494567602873,0.0,0.0,0.0
1526876694107965135,1460,1526876694100549441,world,0.00844645034522,0.0104730259627,-0.0470677241683,0.0,0.0,0.0
1526876694128369797,1461,1526876694120373196,world,0.0041189645417,0.00865379162133,-0.0458241775632,0.0,0.0,0.0
1526876694148683376,1462,1526876694140297545,world,0.0031638587825,0.0128794424236,-0.0534785166383,0.0,0.0,0.0
1526876694168052616,1463,1526876694160172390,world,0.00217408197932,0.0118353934959,-0.0501827374101,0.0,0.0,0.0
1526876694188338315,1464,1526876694180119670,world,-0.00240407790989,0.0129714431241,-0.0606135353446,0.0,0.0,0.0
1526876694208431842,1465,1526876694199853024,world,-0.00585128460079,0.0128435268998,-0.0498706027865,0.0,0.0,0.0
1526876694228795800,1466,1526876694220595358,world,-0.0106521397829,0.0149014228955,-0.0555138215423,0.0,0.0,0.0
1526876694248120376,1467,1526876694240417430,world,-0.00798155646771,0.0162042696029,-0.0505232736468,0.0,0.0,0.0
1526876694268444115,1468,1526876694260077127,world,-0.00901000387967,0.011859420687,-0.0477556064725,0.0,0.0,0.0
1526876694288712954,1469,1526876694279786173,world,-0.0162857417017,0.0163992792368,-0.0574607662857,0.0,0.0,0.0
1526876694308086309,1470,1526876694300542911,world,-0.0110794510692,0.0160085782409,-0.0516029372811,0.0,0.0,0.0
1526876694328525546,1471,1526876694320243174,world,-0.0141115533188,0.0181595310569,-0.0456022880971,0.0,0.0,0.0
1526876694348690000,1472,1526876694339929993,world,-0.0172088183463,0.0153137315065,-0.0595635995269,0.0,0.0,0.0
1526876694368099481,1473,1526876694360642914,world,-0.0161260291934,0.0169218350202,-0.0526405274868,0.0,0.0,0.0
1526876694388455286,1474,1526876694380335518,world,-0.0184411425143,0.0211485307664,-0.0683076530695,0.0,0.0,0.0
1526876694408900196,1475,1526876694400093417,world,-0.0161082223058,0.0146572161466,-0.0808512121439,0.0,0.0,0.0
1526876694428154797,1476,1526876694419981935,world,-0.0183674916625,0.0162245854735,-0.10269279778,0.0,0.0,0.0
1526876694448573840,1477,1526876694439810222,world,-0.0199621096253,0.0178324505687,-0.171578496695,0.0,0.0,0.0
1526876694468889051,1478,1526876694460618962,world,-0.0177307203412,0.0142154805362,-0.185592859983,0.0,0.0,0.0
1526876694488270491,1479,1526876694480510025,world,-0.0198957547545,0.0135028455406,-0.279183924198,0.0,0.0,0.0
1526876694508595192,1480,1526876694500325569,world,-0.0177027899772,0.011368682608,-0.280163496733,0.0,0.0,0.0
1526876694528022827,1481,1526876694520031548,world,-0.0155657734722,0.00524220429361,-0.303817272186,0.0,0.0,0.0
1526876694548427862,1482,1526876694539813427,world,-0.0166984386742,0.000905838795006,-0.412445038557,0.0,0.0,0.0
1526876694568689521,1483,1526876694560609128,world,-0.0145959947258,-0.00515574403107,-0.400923669338,0.0,0.0,0.0
1526876694587976997,1484,1526876694580359834,world,-0.014977755025,-0.0134912207723,-0.536933302879,0.0,0.0,0.0
1526876694608257787,1485,1526876694600071557,world,-0.0139371547848,-0.0183109603822,-0.493466377258,0.0,0.0,0.0
1526876694628658750,1486,1526876694620249210,world,-0.0121186599135,-0.0247113686055,-0.486256033182,0.0,0.0,0.0
1526876694648935899,1487,1526876694639933135,world,-0.0138571327552,-0.0406700111926,-0.622706413269,0.0,0.0,0.0
1526876694668331056,1488,1526876694659645243,world,-0.0136435218155,-0.0471948310733,-0.585183501244,0.0,0.0,0.0
1526876694688588901,1489,1526876694680693973,world,-0.0157468952239,-0.0679067224264,-0.708170354366,0.0,0.0,0.0
1526876694708975988,1490,1526876694700637782,world,-0.0153525602072,-0.0681731104851,-0.636261820793,0.0,0.0,0.0
1526876694728192087,1491,1526876694720832850,world,-0.0207948181778,-0.0953795537353,-0.773978233337,0.0,0.0,0.0
1526876694748538169,1492,1526876694739610274,world,-0.0214313529432,-0.0911178141832,-0.684480547905,0.0,0.0,0.0
1526876694767967004,1493,1526876694760574113,world,-0.0218273289502,-0.0955190360546,-0.657093763351,0.0,0.0,0.0
1526876694788203760,1494,1526876694780363259,world,-0.0299957897514,-0.120365947485,-0.78824287653,0.0,0.0,0.0
1526876694808557026,1495,1526876694800390784,world,-0.032856669277,-0.11053147912,-0.701198756695,0.0,0.0,0.0
1526876694827990759,1496,1526876694820423189,world,-0.0463858619332,-0.132278621197,-0.843641757965,0.0,0.0,0.0
1526876694848394398,1497,1526876694840371817,world,-0.0464083254337,-0.113566502929,-0.73523581028,0.0,0.0,0.0
1526876694868749441,1498,1526876694860248172,world,-0.0499169453979,-0.102817572653,-0.679988503456,0.0,0.0,0.0
1526876694888113202,1499,1526876694880203223,world,-0.0776752084494,-0.108914077282,-0.839977324009,0.0,0.0,0.0
1526876694908453432,1500,1526876694900067510,world,-0.0744929462671,-0.0806247964501,-0.73284137249,0.0,0.0,0.0
1526876694928878378,1501,1526876694920071976,world,-0.0738788992167,-0.0672156512737,-0.681987226009,0.0,0.0,0.0
1526876694948246392,1502,1526876694940160211,world,-0.100317753851,-0.0532618947327,-0.835750222206,0.0,0.0,0.0
1526876694968562328,1503,1526876694960145786,world,-0.097229719162,-0.0293186921626,-0.736575126648,0.0,0.0,0.0
1526876694988944881,1504,1526876694980079925,world,-0.123175740242,-0.00680430326611,-0.839025139809,0.0,0.0,0.0
1526876695008302314,1505,1526876695000078162,world,-0.116733543575,0.014192186296,-0.748858749866,0.0,0.0,0.0
1526876695028615351,1506,1526876695019966453,world,-0.108215853572,0.0266365148127,-0.686587452888,0.0,0.0,0.0
1526876695048821949,1507,1526876695039995106,world,-0.141021072865,0.065519630909,-0.793418288231,0.0,0.0,0.0
1526876695068172246,1508,1526876695059595405,world,-0.127588808537,0.0738119781017,-0.724082112312,0.0,0.0,0.0
1526876695088458387,1509,1526876695080252392,world,-0.142741918564,0.101676180959,-0.801828742027,0.0,0.0,0.0
1526876695107724295,1510,1526876695099923382,world,-0.124422989786,0.108846545219,-0.705964565277,0.0,0.0,0.0
1526876695127906577,1511,1526876695119611902,world,-0.112695336342,0.113945327699,-0.642761826515,0.0,0.0,0.0
1526876695148361228,1512,1526876695140155463,world,-0.115453854203,0.142219185829,-0.740599155426,0.0,0.0,0.0
1526876695168904542,1513,1526876695160018577,world,-0.0911410674453,0.134885311127,-0.633131563663,0.0,0.0,0.0
1526876695188128902,1514,1526876695179970540,world,-0.0775121003389,0.156496554613,-0.741458833218,0.0,0.0,0.0
1526876695208597923,1515,1526876695199782237,world,-0.0516055449843,0.133914083242,-0.619681954384,0.0,0.0,0.0
1526876695228838107,1516,1526876695219679590,world,-0.0367890000343,0.1140075773,-0.561599612236,0.0,0.0,0.0
1526876695248211400,1517,1526876695240633397,world,-0.00927742756903,0.128708541393,-0.652078151703,0.0,0.0,0.0
1526876695268572019,1518,1526876695260477134,world,0.0118382824585,0.106500022113,-0.545264005661,0.0,0.0,0.0
1526876695287902074,1519,1526876695280434380,world,0.0546047128737,0.104730397463,-0.612891197205,0.0,0.0,0.0
1526876695308224304,1520,1526876695300320532,world,0.0571032911539,0.082478672266,-0.512271523476,0.0,0.0,0.0
1526876695328580413,1521,1526876695320087027,world,0.0963744670153,0.0674807429314,-0.565030217171,0.0,0.0,0.0
1526876695348976433,1522,1526876695340047550,world,0.0929254516959,0.0427875928581,-0.492081642151,0.0,0.0,0.0
1526876695368261340,1523,1526876695359795220,world,0.098679587245,0.0306322351098,-0.450786113739,0.0,0.0,0.0
1526876695388755279,1524,1526876695380730335,world,0.130560263991,0.0248765479773,-0.521817564964,0.0,0.0,0.0
1526876695408169131,1525,1526876695400621281,world,0.121466986835,0.00637249043211,-0.476314783096,0.0,0.0,0.0
1526876695428539761,1526,1526876695420619659,world,0.142318174243,-0.00552468374372,-0.540007531643,0.0,0.0,0.0
1526876695448880633,1527,1526876695440426482,world,0.118171080947,-0.0132802929729,-0.47584271431,0.0,0.0,0.0
1526876695468186542,1528,1526876695460296044,world,0.108931742609,-0.0200286563486,-0.452328562737,0.0,0.0,0.0
1526876695488590936,1529,1526876695480122819,world,0.112634502351,-0.029644370079,-0.529622793198,0.0,0.0,0.0
1526876695507970597,1530,1526876695500027606,world,0.0917322337627,-0.0309245698154,-0.474663317204,0.0,0.0,0.0
1526876695528123031,1531,1526876695520023242,world,0.072852216661,-0.0322541408241,-0.443694591522,0.0,0.0,0.0
1526876695548434534,1532,1526876695539964725,world,0.064590729773,-0.0379253961146,-0.521767616272,0.0,0.0,0.0
1526876695568788390,1533,1526876695559878705,world,0.0401381924748,-0.0351314097643,-0.462777912617,0.0,0.0,0.0
1526876695588239289,1534,1526876695579924959,world,0.0239808261395,-0.0408214852214,-0.536453127861,0.0,0.0,0.0
1526876695608542124,1535,1526876695599662632,world,0.00294161401689,-0.0310091599822,-0.465865135193,0.0,0.0,0.0
1526876695627774230,1536,1526876695619993137,world,-0.0198666118085,-0.0315327942371,-0.537713527679,0.0,0.0,0.0
1526876695648235189,1537,1526876695640018697,world,-0.030946912244,-0.0265666451305,-0.464656591415,0.0,0.0,0.0
1526876695668581881,1538,1526876695659976417,world,-0.0369631871581,-0.018231453374,-0.422027647495,0.0,0.0,0.0
1526876695687914150,1539,1526876695680029972,world,-0.0529469028115,-0.0151513591409,-0.509560704231,0.0,0.0,0.0
1526876695708301562,1540,1526876695699900506,world,-0.0507933720946,-0.00833537988365,-0.441693037748,0.0,0.0,0.0
1526876695728690651,1541,1526876695719828553,world,-0.0522403866053,-0.0049711256288,-0.400076240301,0.0,0.0,0.0
1526876695747919037,1542,1526876695740025949,world,-0.0580909773707,0.00531607307494,-0.485091149807,0.0,0.0,0.0
1526876695768309432,1543,1526876695759816948,world,-0.0492003113031,0.00495961820707,-0.426828473806,0.0,0.0,0.0
1526876695788713032,1544,1526876695779795925,world,-0.0490934550762,0.00793059449643,-0.468230426311,0.0,0.0,0.0
1526876695808110910,1545,1526876695800609641,world,-0.0382581502199,0.0086659733206,-0.410061180592,0.0,0.0,0.0
1526876695828467440,1546,1526876695820789571,world,-0.0288709960878,0.00909370556474,-0.378318011761,0.0,0.0,0.0
1526876695848820269,1547,1526876695839759604,world,-0.0274806246161,0.0101530626416,-0.435977458954,0.0,0.0,0.0
1526876695868316562,1548,1526876695860528902,world,-0.0142614319921,0.0139972362667,-0.378294497728,0.0,0.0,0.0
1526876695888623383,1549,1526876695880420565,world,-0.00308477366343,0.0167162120342,-0.432877600193,0.0,0.0,0.0
1526876695907966867,1550,1526876695900302335,world,0.00313354213722,0.0135744102299,-0.366928637028,0.0,0.0,0.0
1526876695928332945,1551,1526876695920292183,world,0.00841616373509,0.0167465023696,-0.413879066706,0.0,0.0,0.0
1526876695948647729,1552,1526876695939983792,world,0.0144993532449,0.010683177039,-0.363542973995,0.0,0.0,0.0
1526876695968984340,1553,1526876695959940200,world,0.0177581682801,0.0108195301145,-0.32213640213,0.0,0.0,0.0
1526876695988359395,1554,1526876695979863504,world,0.026403747499,0.00774970278144,-0.395366966724,0.0,0.0,0.0
1526876696008711186,1555,1526876695999607289,world,0.0286048036069,0.0096823964268,-0.336523681879,0.0,0.0,0.0
1526876696027992532,1556,1526876696020378680,world,0.0304666496813,0.00604803534225,-0.334586024284,0.0,0.0,0.0
1526876696048496357,1557,1526876696040300723,world,0.0357157438993,0.00553088355809,-0.363456726074,0.0,0.0,0.0
1526876696068970083,1558,1526876696059967753,world,0.0338931642473,0.00298377592117,-0.33323764801,0.0,0.0,0.0
1526876696088131976,1559,1526876696079783268,world,0.0406100973487,-0.00299392314628,-0.382732927799,0.0,0.0,0.0
1526876696108425961,1560,1526876696100520579,world,0.0377039834857,0.00192150031216,-0.330058664083,0.0,0.0,0.0
1526876696128742623,1561,1526876696120215379,world,0.0396042987704,-0.00608464330435,-0.287022143602,0.0,0.0,0.0
1526876696147991111,1562,1526876696140001996,world,0.0370632186532,-0.00714604789391,-0.35665589571,0.0,0.0,0.0
1526876696168367866,1563,1526876696159831424,world,0.0363055095077,-0.00850680936128,-0.301005244255,0.0,0.0,0.0
1526876696188662769,1564,1526876696180613182,world,0.0395886003971,-0.0074034081772,-0.348872900009,0.0,0.0,0.0
1526876696208145009,1565,1526876696200392727,world,0.0370071418583,-0.00770855788141,-0.303048789501,0.0,0.0,0.0
1526876696228490133,1566,1526876696220204345,world,0.029012510553,-0.00926813017577,-0.286230236292,0.0,0.0,0.0
1526876696248955057,1567,1526876696240002965,world,0.0303718410432,-0.00959284976125,-0.328543365002,0.0,0.0,0.0
1526876696268255238,1568,1526876696259914758,world,0.0330187827349,-0.0101338643581,-0.288359433413,0.0,0.0,0.0
1526876696288524448,1569,1526876696279942447,world,0.0378441885114,-0.0129659511149,-0.325153648853,0.0,0.0,0.0
1526876696308905034,1570,1526876696299775729,world,0.0297573171556,-0.00890078768134,-0.291727662086,0.0,0.0,0.0
1526876696328089444,1571,1526876696320669573,world,0.0373291149735,-0.0168422479182,-0.313607037067,0.0,0.0,0.0
1526876696348348016,1572,1526876696340647298,world,0.026988664642,-0.0128277987242,-0.27213999629,0.0,0.0,0.0
1526876696368795990,1573,1526876696360505135,world,0.0239966697991,-0.00790002103895,-0.2360663414,0.0,0.0,0.0
1526876696388080542,1574,1526876696380438333,world,0.0275347754359,-0.0160667505115,-0.295400261879,0.0,0.0,0.0
1526876696408571814,1575,1526876696400400494,world,0.0235982779413,-0.0160668827593,-0.26597738266,0.0,0.0,0.0
1526876696428948663,1576,1526876696420211427,world,0.0258284024894,-0.0165028944612,-0.283082664013,0.0,0.0,0.0
1526876696448372562,1577,1526876696439991514,world,0.0176035352051,-0.0152692925185,-0.260318160057,0.0,0.0,0.0
1526876696468814382,1578,1526876696459972530,world,0.0226137042046,-0.00968920905143,-0.230465292931,0.0,0.0,0.0
1526876696488176018,1579,1526876696479941689,world,0.0248051267117,-0.0141796395183,-0.286151528358,0.0,0.0,0.0
1526876696508554938,1580,1526876696499885118,world,0.0181928407401,-0.0139667289332,-0.237328991294,0.0,0.0,0.0
1526876696528882540,1581,1526876696520669430,world,0.0239976905286,-0.0159231200814,-0.27051448822,0.0,0.0,0.0
1526876696548249312,1582,1526876696540364486,world,0.0165532138199,-0.0149955842644,-0.235244482756,0.0,0.0,0.0
1526876696568570632,1583,1526876696560063653,world,0.0194515958428,-0.0125632658601,-0.210622310638,0.0,0.0,0.0
1526876696588948222,1584,1526876696579937344,world,0.0209244936705,-0.0119697898626,-0.244309529662,0.0,0.0,0.0
1526876696608298693,1585,1526876696599913117,world,0.0106759313494,-0.012128515169,-0.212460353971,0.0,0.0,0.0
1526876696628577054,1586,1526876696620207490,world,0.0155985811725,-0.0133577659726,-0.23874515295,0.0,0.0,0.0
1526876696647869393,1587,1526876696640046285,world,0.022063203156,-0.00929223094136,-0.205121904612,0.0,0.0,0.0
1526876696668155711,1588,1526876696660003806,world,0.00966358557343,-0.0101742232218,-0.201166719198,0.0,0.0,0.0
1526876696688557566,1589,1526876696679987596,world,0.0114271519706,-0.0153674054891,-0.210356503725,0.0,0.0,0.0
1526876696708965947,1590,1526876696699858481,world,0.012760438025,-0.00825487263501,-0.177628621459,0.0,0.0,0.0
1526876696728410876,1591,1526876696719661373,world,0.00994872301817,-0.012062292546,-0.162960410118,0.0,0.0,0.0
1526876696748792466,1592,1526876696740658460,world,0.00942946784198,-0.0113003160805,-0.187729656696,0.0,0.0,0.0
1526876696768174932,1593,1526876696760681675,world,0.00981523841619,-0.00875287503004,-0.170854747295,0.0,0.0,0.0
1526876696788496363,1594,1526876696780504466,world,0.00653170514852,-0.00864621810615,-0.186424329877,0.0,0.0,0.0
1526876696808819094,1595,1526876696800446237,world,-0.0019194628112,-0.00900635961443,-0.161571726203,0.0,0.0,0.0
1526876696828160083,1596,1526876696820323700,world,9.29497182369e-05,-0.00273520033807,-0.136170133948,0.0,0.0,0.0
1526876696848494066,1597,1526876696840301642,world,-0.00393326859921,-0.00491949543357,-0.148349314928,0.0,0.0,0.0
1526876696868731207,1598,1526876696859981856,world,-0.0038993479684,-0.00929818488657,-0.128762900829,0.0,0.0,0.0
1526876696888074951,1599,1526876696879919855,world,-0.00929301977158,-0.00454287976027,-0.154991537333,0.0,0.0,0.0
1526876696908506824,1600,1526876696899797501,world,-0.00719045568258,-0.00355421053246,-0.14457988739,0.0,0.0,0.0
1526876696928885491,1601,1526876696919521814,world,-0.00819439813495,-0.00105942855589,-0.167740955949,0.0,0.0,0.0
1526876696948422722,1602,1526876696940510493,world,-0.0115043930709,-0.00120654609054,-0.297844201326,0.0,0.0,0.0
1526876696968762952,1603,1526876696960357495,world,-0.00943101011217,-0.00312205776572,-0.334265530109,0.0,0.0,0.0
1526876696988089819,1604,1526876696980338437,world,-0.021132234484,-0.00642621517181,-0.536996543407,0.0,0.0,0.0
1526876697008416885,1605,1526876697000113765,world,0.000996716320515,-0.00861700065434,-0.439911931753,0.0,0.0,0.0
1526876697028735878,1606,1526876697020039734,world,0.0258484575897,-0.00144351972267,-0.14199206233,0.0,0.0,0.0
1526876697048006211,1607,1526876697040078443,world,0.049389667809,0.0113419014961,-0.0369187556207,0.0,0.0,0.0
1526876697068285640,1608,1526876697059859893,world,0.044821575284,0.0124225504696,-0.0362703464925,0.0,0.0,0.0
1526876697088466813,1609,1526876697079539877,world,0.0465836152434,0.0114821922034,-0.107697159052,0.0,0.0,0.0
1526876697107850206,1610,1526876697100130319,world,0.0197851229459,0.00771103426814,-0.0401770658791,0.0,0.0,0.0
1526876697128071494,1611,1526876697119969622,world,0.0125321829692,0.0161989554763,-0.0276514589787,0.0,0.0,0.0
1526876697148477322,1612,1526876697139625736,world,0.00650426233187,-0.00244949106127,-0.014236882329,0.0,0.0,0.0
1526876697168803848,1613,1526876697160458738,world,-0.00106393522583,-0.002429763088,-0.0179523024708,0.0,0.0,0.0
1526876697188096871,1614,1526876697180227836,world,0.00996684562415,0.000911988667212,0.00696064438671,0.0,0.0,0.0
1526876697208405327,1615,1526876697199904872,world,0.00435647414997,0.00343361264095,0.00474669644609,0.0,0.0,0.0
1526876697229107124,1616,1526876697219526179,world,-0.00157803948969,0.00388044212013,-0.000662233680487,0.0,0.0,0.0
1526876697248435757,1617,1526876697240351914,world,0.000597870675847,0.0066599198617,-0.0117379818112,0.0,0.0,0.0
1526876697268810625,1618,1526876697260061983,world,0.00276545668021,-0.00606161821634,0.00523371063173,0.0,0.0,0.0
1526876697288158477,1619,1526876697279842312,world,-0.00101566361263,-0.00552476663142,0.00260317558423,0.0,0.0,0.0
1526876697308338238,1620,1526876697300608864,world,0.00325618148781,-0.00231560319662,0.00298546440899,0.0,0.0,0.0
1526876697328866061,1621,1526876697320445652,world,-0.00603920873255,0.00449158530682,-0.0047641848214,0.0,0.0,0.0
1526876697348134158,1622,1526876697340321670,world,0.00578172365203,0.00437039043754,0.00101987365633,0.0,0.0,0.0
1526876697368522367,1623,1526876697360016083,world,-0.000994256930426,-0.00125437951647,0.00305238622241,0.0,0.0,0.0
1526876697388985063,1624,1526876697379997527,world,-0.00277268374339,0.00735727883875,-0.000811809324659,0.0,0.0,0.0
1526876697408368827,1625,1526876697399917873,world,-0.00432661594823,-0.00444427598268,0.000128028681502,0.0,0.0,0.0
1526876697428707385,1626,1526876697419909442,world,0.00010170112364,0.00151070859283,-0.00347293820232,0.0,0.0,0.0
1526876697448120517,1627,1526876697439614383,world,-0.00720913941041,-0.00999324396253,-0.0206784978509,0.0,0.0,0.0
1526876697468553371,1628,1526876697460411818,world,0.0020547688473,0.00451626628637,0.0128122176975,0.0,0.0,0.0
1526876697488811334,1629,1526876697480179751,world,0.00312363775447,-0.00599758885801,0.00583911128342,0.0,0.0,0.0
1526876697508374710,1630,1526876697500135285,world,0.00682422053069,0.00428517349064,-0.00336605077609,0.0,0.0,0.0
1526876697528834690,1631,1526876697520172442,world,0.00104040792212,-0.00195744959638,0.00915239285678,0.0,0.0,0.0
1526876697548045614,1632,1526876697540204191,world,0.00904998369515,0.00468454509974,0.00957749225199,0.0,0.0,0.0
1526876697568696134,1633,1526876697560046673,world,0.000964676728472,0.00866897683591,-0.00226029148325,0.0,0.0,0.0
1526876697588947491,1634,1526876697580136627,world,-0.0044378740713,-0.00809879414737,-0.00358154205605,0.0,0.0,0.0
1526876697608326830,1635,1526876697600008920,world,-0.00447343569249,-0.00398774491623,-0.0161324888468,0.0,0.0,0.0
1526876697628675778,1636,1526876697620396622,world,-0.0045373942703,0.00131553900428,-0.00856084935367,0.0,0.0,0.0
1526876697647963462,1637,1526876697640352886,world,0.00601773895323,-0.00136394391302,0.00860080029815,0.0,0.0,0.0
1526876697668336115,1638,1526876697660302847,world,-0.00654410663992,0.000596934871282,-0.00295362761244,0.0,0.0,0.0
1526876697688778687,1639,1526876697680219521,world,0.00755875511095,-0.00144185801037,-0.000161312753335,0.0,0.0,0.0
1526876697708205596,1640,1526876697699896188,world,-0.00420426204801,0.00247444445267,0.0067923492752,0.0,0.0,0.0
1526876697728574314,1641,1526876697719763623,world,-0.000125038670376,-0.00162549619563,-0.00513630826026,0.0,0.0,0.0
1526876697749001126,1642,1526876697740594361,world,-0.00602465169504,-0.00313541060314,0.00100863049738,0.0,0.0,0.0
1526876697768289998,1643,1526876697760451749,world,-0.000548952724785,0.00977787747979,-0.0165794380009,0.0,0.0,0.0
1526876697788688483,1644,1526876697780334823,world,-0.000919147627428,-0.00166596425697,0.00574481114745,0.0,0.0,0.0
1526876697807937726,1645,1526876697800012747,world,0.00488091493025,-0.00451698061079,-0.000649011926726,0.0,0.0,0.0
1526876697828345914,1646,1526876697819936006,world,-0.00423010066152,0.00250749010593,-0.00295265577734,0.0,0.0,0.0
1526876697848741551,1647,1526876697839940905,world,0.00856203306466,0.000777845620178,0.0116844465956,0.0,0.0,0.0
1526876697868192015,1648,1526876697859943441,world,-0.00584390060976,-0.00655058026314,-0.00337681965902,0.0,0.0,0.0
1526876697888593206,1649,1526876697879961726,world,0.0054683862254,-0.000630205031484,0.00824280735105,0.0,0.0,0.0
1526876697908950119,1650,1526876697899897473,world,-0.00251720799133,0.0025634127669,-0.0133713074028,0.0,0.0,0.0
1526876697928212328,1651,1526876697919789855,world,0.00520548317581,0.00389483897015,0.0132369659841,0.0,0.0,0.0
1526876697948487139,1652,1526876697939885247,world,-0.0032942998223,0.00284133385867,0.00600020773709,0.0,0.0,0.0
1526876697969003997,1653,1526876697959786892,world,-0.00502753723413,-0.000638633966446,-0.0142254689708,0.0,0.0,0.0
1526876697988381544,1654,1526876697979605044,world,0.00532333133742,-0.00584507919848,0.0115173030645,0.0,0.0,0.0
1526876698008598669,1655,1526876698000496416,world,-0.00166638358496,0.00296380976215,0.00130225671455,0.0,0.0,0.0
1526876698027800715,1656,1526876698020360457,world,-0.00492883101106,-0.00726349186152,-0.00814404059201,0.0,0.0,0.0
1526876698048184784,1657,1526876698040232611,world,0.00526926340535,0.00477783335373,0.0037503442727,0.0,0.0,0.0
1526876698068539741,1658,1526876698060063390,world,0.00330239417963,-0.00403333548456,0.0051635238342,0.0,0.0,0.0
1526876698088653465,1659,1526876698079834200,world,-0.00230495259166,0.000144137069583,-3.51925846189e-05,0.0,0.0,0.0
1526876698108323716,1660,1526876698100614152,world,-0.00322509021498,0.00384813267738,-0.0047996994108,0.0,0.0,0.0
1526876698128747737,1661,1526876698120531407,world,-0.000523241003975,0.0109849758446,-0.0119615551084,0.0,0.0,0.0
1526876698148025821,1662,1526876698140340494,world,-0.000359567115083,-0.00596997514367,0.00989896152169,0.0,0.0,0.0
1526876698168319097,1663,1526876698160177234,world,0.00139823707286,-0.00434164470062,0.00527692446485,0.0,0.0,0.0
1526876698188659118,1664,1526876698180068323,world,0.00283483834937,-0.00399089232087,0.00617350637913,0.0,0.0,0.0
1526876698208131953,1665,1526876698200006297,world,0.00116003374569,-2.98004597425e-05,0.00035856408067,0.0,0.0,0.0
1526876698228486241,1666,1526876698219906011,world,0.00238679070026,0.00209354399703,0.00170017138589,0.0,0.0,0.0
1526876698248768853,1667,1526876698239778403,world,-0.000862911110744,0.00902004167438,-0.00389159610495,0.0,0.0,0.0
1526876698268248158,1668,1526876698260525500,world,-0.00419235043228,-0.00583793502301,-0.00420582154766,0.0,0.0,0.0
1526876698288718398,1669,1526876698280685945,world,0.00445396825671,-0.00174325390253,0.00838309526443,0.0,0.0,0.0
1526876698307858990,1670,1526876698300514528,world,-0.00661403406411,-0.00234414613806,-0.00944077037275,0.0,0.0,0.0
1526876698328238735,1671,1526876698320311316,world,0.005488735158,-0.00258163292892,0.00487286411226,0.0,0.0,0.0
1526876698348654572,1672,1526876698340036566,world,0.00330175226554,0.00168700597715,0.00306622986682,0.0,0.0,0.0
1526876698367833671,1673,1526876698360054692,world,-0.00295357243158,0.00525383045897,0.00166446215007,0.0,0.0,0.0
1526876698388316409,1674,1526876698380083102,world,0.00202556932345,-0.00014285556972,0.00452888989821,0.0,0.0,0.0
1526876698408796728,1675,1526876698400064190,world,0.00369888334535,0.00119724543765,0.00250059156679,0.0,0.0,0.0
1526876698428194229,1676,1526876698419998540,world,-0.00675838254392,-0.00246935128234,-0.00779476296157,0.0,0.0,0.0
1526876698448571120,1677,1526876698440032911,world,-0.00236235721968,0.00576691329479,0.0012903441675,0.0,0.0,0.0
1526876698469019590,1678,1526876698459998914,world,-0.00262978463434,0.00148763158359,-0.003223155858,0.0,0.0,0.0
1526876698488489569,1679,1526876698480049031,world,0.00280008651316,-0.000251041608863,0.00521070417017,0.0,0.0,0.0
1526876698508892064,1680,1526876698499867412,world,0.00451345928013,0.00112812779844,0.000789778190665,0.0,0.0,0.0
1526876698528261818,1681,1526876698519799982,world,0.00210923235863,-0.00111755041871,0.00220407778397,0.0,0.0,0.0
1526876698548625457,1682,1526876698539651153,world,0.00111818034202,-2.64993868768e-05,0.000891696719918,0.0,0.0,0.0
1526876698567982851,1683,1526876698560592517,world,0.000679741904605,-0.000149097439134,0.000568960385863,0.0,0.0,0.0
1526876698588288584,1684,1526876698580472637,world,0.000339962512953,-0.000314772769343,0.000178512462298,0.0,0.0,0.0
1526876698608659061,1685,1526876698600259937,world,-7.61881383369e-05,5.29898388777e-05,-3.78004115191e-05,0.0,0.0,0.0
1526876698627945838,1686,1526876698620267661,world,0.000114565984404,-0.000241204179474,0.000170220300788,0.0,0.0,0.0
1526876698648329421,1687,1526876698640206927,world,0.000197299814317,0.000167662481545,0.000108019499748,0.0,0.0,0.0
1526876698668729874,1688,1526876698660138560,world,4.12405934185e-05,-0.000215299092815,-0.000203534174943,0.0,0.0,0.0
1526876698688143574,1689,1526876698680108975,world,-0.000279964122456,0.000160306604812,-0.000195272616111,0.0,0.0,0.0
1526876698708441323,1690,1526876698700081982,world,-3.56414166163e-05,3.32709787472e-05,-5.42829366168e-06,0.0,0.0,0.0
1526876698728827413,1691,1526876698719927939,world,0.000271678261925,-9.5858660643e-05,0.000314862700179,0.0,0.0,0.0
1526876698748055245,1692,1526876698739555892,world,-0.00012735783821,-0.000128156432766,-0.000417899223976,0.0,0.0,0.0
1526876698768474101,1693,1526876698760510602,world,-9.55821815296e-05,1.79456619662e-05,-0.000131182547193,0.0,0.0,0.0
1526876698788768638,1694,1526876698780506501,world,-7.74159561843e-05,8.11029312899e-05,0.000129776424728,0.0,0.0,0.0
1526876698807837315,1695,1526876698800383537,world,-0.000242034511757,-0.000200428097742,0.000224294271902,0.0,0.0,0.0
1526876698828142021,1696,1526876698820260551,world,0.000318754056934,0.00010747363558,-2.6449408324e-05,0.0,0.0,0.0
1526876698848522738,1697,1526876698840206806,world,6.21244762442e-05,-0.000179010618012,-0.0001342643518,0.0,0.0,0.0
1526876698868897694,1698,1526876698860069972,world,-6.30598515272e-05,-0.000107084531919,-0.000154158478836,0.0,0.0,0.0
1526876698888229820,1699,1526876698880131044,world,-5.10929021402e-05,-4.32239903603e-06,5.35442086402e-06,0.0,0.0,0.0
1526876698908619324,1700,1526876698900040649,world,-6.25629909337e-05,5.77964528929e-05,5.62369386898e-05,0.0,0.0,0.0
1526876698927850776,1701,1526876698920096043,world,0.000353211187758,0.000227146214456,0.000255019462202,0.0,0.0,0.0
1526876698948206320,1702,1526876698939840677,world,-5.72097196709e-05,-3.44564832631e-05,-0.000399754120735,0.0,0.0,0.0
1526876698968553388,1703,1526876698959798945,world,-0.000136674789246,0.000110095788841,7.16012000339e-05,0.0,0.0,0.0
1526876698988844870,1704,1526876698979724656,world,4.31414955528e-05,-7.24612546037e-05,0.000120257085655,0.0,0.0,0.0
1526876699008281256,1705,1526876699000724365,world,-0.000126912986161,-7.46109144529e-05,3.94939706894e-06,0.0,0.0,0.0
1526876699028635171,1706,1526876699019653333,world,0.000169997481862,-0.000123644567793,-6.86331331963e-05,0.0,0.0,0.0
1526876699047803284,1707,1526876699040528579,world,-0.000156801499543,4.92137041874e-06,-0.000297798775136,0.0,0.0,0.0
1526876699068049576,1708,1526876699060278930,world,4.84518459416e-05,0.00018356036162,4.4255197281e-05,0.0,0.0,0.0
1526876699088320075,1709,1526876699079911156,world,-0.000125954553369,-9.5876690466e-05,-0.000122463490698,0.0,0.0,0.0
1526876699108549751,1710,1526876699100585230,world,0.000203303847229,0.000119025149615,0.000280704727629,0.0,0.0,0.0
1526876699127890080,1711,1526876699120146968,world,-8.97958670976e-05,-0.000125993232359,-0.000185877011972,0.0,0.0,0.0
1526876699148126416,1712,1526876699139853249,world,8.5783576651e-06,-0.000155615343829,1.75975364982e-05,0.0,0.0,0.0
1526876699168454490,1713,1526876699160614839,world,-0.000108626831206,5.6127733842e-05,-0.000213813662413,0.0,0.0,0.0
1526876699188760615,1714,1526876699180404321,world,3.65542291547e-05,0.000106134553789,0.000497956818435,0.0,0.0,0.0
1526876699208226482,1715,1526876699200204688,world,0.000261552922893,8.2178019511e-05,-0.000280904147075,0.0,0.0,0.0
1526876699228534366,1716,1526876699220232525,world,-9.11019160412e-05,9.97070310405e-05,-6.76832933095e-05,0.0,0.0,0.0
1526876699248895799,1717,1526876699240037924,world,-0.000732228741981,-0.00125229102559,-0.00230045104399,0.0,0.0,0.0
1526876699268313910,1718,1526876699259908376,world,-0.000389468244975,-0.000490827485919,-0.00151619920507,0.0,0.0,0.0
1526876699288957743,1719,1526876699279784518,world,0.000393183436245,0.000905174878426,0.00210069003515,0.0,0.0,0.0
1526876699308088850,1720,1526876699299589031,world,0.000277706771158,0.000268169504125,0.000738371396437,0.0,0.0,0.0
1526876699328545469,1721,1526876699320506112,world,-0.000148961640662,9.0310604719e-05,0.000421760283643,0.0,0.0,0.0
1526876699348974440,1722,1526876699340193450,world,0.000344434170984,-8.92181924428e-06,0.000373202841729,0.0,0.0,0.0
1526876699368382293,1723,1526876699360148325,world,-5.18518791068e-05,0.000164285956998,2.9407965485e-05,0.0,0.0,0.0
1526876699388761848,1724,1526876699380117469,world,0.000127894018078,5.288747343e-05,4.92620492878e-05,0.0,0.0,0.0
1526876699408077539,1725,1526876699400013450,world,-0.000116772949696,-2.29048564506e-05,-0.000237822547206,0.0,0.0,0.0
1526876699428463838,1726,1526876699419843911,world,0.000152138207341,0.00040401951992,2.98960731016e-05,0.0,0.0,0.0
1526876699448914352,1727,1526876699439622362,world,-0.000127308434458,-0.000141516808071,0.00011393026216,0.0,0.0,0.0
1526876699468306550,1728,1526876699460437311,world,-0.000107871586806,2.74578633253e-06,-0.000217335647903,0.0,0.0,0.0
1526876699488767864,1729,1526876699480406301,world,0.000160459516337,-0.000126028695377,3.69470653823e-05,0.0,0.0,0.0
1526876699508053055,1730,1526876699500214440,world,-8.72841046657e-05,3.86492465623e-05,9.31327303988e-05,0.0,0.0,0.0
1526876699528466862,1731,1526876699520131367,world,-0.000115434173495,-3.18575366691e-05,0.000257647101535,0.0,0.0,0.0
1526876699548758199,1732,1526876699540064488,world,2.16210537474e-05,-4.2358706196e-06,6.67507047183e-05,0.0,0.0,0.0
1526876699568200836,1733,1526876699559925248,world,4.11738437833e-05,-2.1179353098e-06,-0.000235474508372,0.0,0.0,0.0
1526876699588541431,1734,1526876699580036872,world,9.80366967269e-05,-4.79039590573e-05,8.35498140077e-05,0.0,0.0,0.0
1526876699607850136,1735,1526876699599852279,world,-5.22417722095e-05,-0.000246039853664,0.000156529946253,0.0,0.0,0.0
1526876699628396062,1736,1526876699620108130,world,1.23560366774e-05,0.000251458433922,-0.000260969420196,0.0,0.0,0.0
1526876699648810591,1737,1526876699639948824,world,7.14727939339e-05,-7.98605033197e-05,6.83157995809e-05,0.0,0.0,0.0
1526876699668110344,1738,1526876699659893366,world,-0.000168134632986,-0.000157227230375,-0.000156063848408,0.0,0.0,0.0
1526876699688498523,1739,1526876699679586031,world,0.000119572810945,0.000346184096998,-0.000137928756885,0.0,0.0,0.0
1526876699708887038,1740,1526876699700377797,world,8.54851241456e-05,-9.81694029178e-06,0.000419494055677,0.0,0.0,0.0
1526876699728294137,1741,1526876699720267484,world,-9.58805248956e-05,0.000151383661432,-0.00015182219795,0.0,0.0,0.0
1526876699748797902,1742,1526876699740111818,world,-0.000279688596493,0.000145736194099,-9.62495032582e-05,0.0,0.0,0.0
1526876699768183262,1743,1526876699759903927,world,0.000263179186732,-0.000259039254161,0.000238116539549,0.0,0.0,0.0
1526876699788544564,1744,1526876699779921918,world,-0.000536688021384,-0.00108025106601,-0.00245415070094,0.0,0.0,0.0
1526876699808953283,1745,1526876699799721764,world,-0.000534943188541,-0.00049476249842,-0.00074436160503,0.0,0.0,0.0
1526876699828308644,1746,1526876699820531502,world,0.000517772219609,0.000910539412871,0.00167179165874,0.0,0.0,0.0
1526876699848686156,1747,1526876699840387161,world,0.000278696912574,0.000297149352264,0.000935819116421,0.0,0.0,0.0
1526876699868029614,1748,1526876699860311022,world,0.000271074299235,0.000191602885025,0.000420847471105,0.0,0.0,0.0
1526876699888428159,1749,1526876699880167725,world,8.85041808942e-05,0.000329823582433,7.12445471436e-05,0.0,0.0,0.0
1526876699908788075,1750,1526876699900086810,world,3.19419050356e-05,3.65211162716e-05,0.000653775990941,0.0,0.0,0.0
1526876699928172460,1751,1526876699919975629,world,-8.50552387419e-05,0.000233783110161,-0.000206626544241,0.0,0.0,0.0
1526876699948542542,1752,1526876699939962103,world,0.000131847889861,2.29617653531e-05,6.53292227071e-05,0.0,0.0,0.0
1526876699969102736,1753,1526876699959801361,world,7.13631452527e-05,0.000121715274872,-0.000313812226523,0.0,0.0,0.0
1526876699988378939,1754,1526876699980609883,world,-1.61945790751e-05,-0.0001862176141,8.17241816549e-05,0.0,0.0,0.0
1526876700008672744,1755,1526876700000354614,world,-0.000898197991773,-0.00111041928176,-0.0017463582335,0.0,0.0,0.0
1526876700028134303,1756,1526876700020300733,world,0.000618746504188,0.000931485032197,0.000906977278646,0.0,0.0,0.0
1526876700048452152,1757,1526876700040060747,world,0.00028560278588,0.000211701350054,0.000680822413415,0.0,0.0,0.0
1526876700068794504,1758,1526876700059902617,world,6.83879115968e-05,0.000223008421017,0.000202064373298,0.0,0.0,0.0
1526876700087944844,1759,1526876700079672684,world,-6.22662046226e-05,-0.000122010576888,0.000179853086593,0.0,0.0,0.0
1526876700108357102,1760,1526876700099811555,world,-0.00024228420807,-0.000167584585142,-2.01202346943e-05,0.0,0.0,0.0
1526876700128570981,1761,1526876700120446916,world,0.000233792146901,0.000117401352327,-0.00036999664735,0.0,0.0,0.0
1526876700147975510,1762,1526876700139980725,world,-0.000496305001434,-0.000691614288371,-0.00175404059701,0.0,0.0,0.0
1526876700168229675,1763,1526876700159837920,world,-3.86195606552e-05,0.000511285150424,0.000854514422826,0.0,0.0,0.0
1526876700188614790,1764,1526876700179625352,world,-1.99055866688e-05,9.25335916691e-06,0.000527948664967,0.0,0.0,0.0
1526876700208957374,1765,1526876700200548233,world,0.000364993960829,0.000368968234397,0.000502384791616,0.0,0.0,0.0
1526876700228387052,1766,1526876700220504166,world,0.000103534439404,-5.77698810957e-05,7.7886870713e-05,0.0,0.0,0.0
1526876700248705814,1767,1526876700240413096,world,1.55773996084e-05,2.54916376434e-05,4.31686421507e-05,0.0,0.0,0.0
1526876700267943844,1768,1526876700260133054,world,-3.64698280464e-05,-8.6207750428e-05,0.000126480910694,0.0,0.0,0.0
1526876700288138841,1769,1526876700280021016,world,0.000191030936548,-8.27281764941e-05,0.000149322411744,0.0,0.0,0.0
1526876700308669280,1770,1526876700299868319,world,-5.12471888214e-05,-9.09997033887e-05,0.000235657615121,0.0,0.0,0.0
1526876700327891659,1771,1526876700319868086,world,-0.00011829919822,8.59960418893e-05,-0.000236146559473,0.0,0.0,0.0
1526876700348237406,1772,1526876700339761009,world,-0.000196000764845,0.000231808720855,-0.000331994699081,0.0,0.0,0.0
1526876700368524831,1773,1526876700359650982,world,5.8676712797e-05,-1.46064267028e-05,0.000230575780733,0.0,0.0,0.0
1526876700387943013,1774,1526876700380539484,world,0.000236299645621,-9.67166633927e-05,-4.54732435173e-05,0.0,0.0,0.0
1526876700408412349,1775,1526876700400610071,world,9.12371760933e-05,2.45016235567e-05,-0.000315861339914,0.0,0.0,0.0
1526876700428775386,1776,1526876700420463835,world,-0.000164996454259,-0.000272277829936,5.98431943217e-05,0.0,0.0,0.0
1526876700448161661,1777,1526876700440220369,world,-0.00011102782446,9.74772119662e-05,-0.000120026910736,0.0,0.0,0.0
1526876700468486973,1778,1526876700460050871,world,3.89670094592e-05,-2.01747316169e-05,0.000423617049819,0.0,0.0,0.0
1526876700487948730,1779,1526876700479905503,world,-2.15813270188e-05,0.000238895183429,-0.000410023436416,0.0,0.0,0.0
1526876700508319697,1780,1526876700499770605,world,5.81106833124e-05,7.27224396542e-05,-7.4793206295e-06,0.0,0.0,0.0
1526876700528596338,1781,1526876700520726378,world,-0.000172703847056,0.000158012160682,-6.57940381643e-06,0.0,0.0,0.0
1526876700548905469,1782,1526876700540499175,world,-4.69770930067e-05,-0.000144731282489,0.000234615217778,0.0,0.0,0.0
1526876700568112973,1783,1526876700560338492,world,-9.09010486794e-05,0.000153567816596,-0.000119990210806,0.0,0.0,0.0
1526876700588488735,1784,1526876700580236167,world,0.000117559335195,-5.10946847498e-06,4.25828693551e-06,0.0,0.0,0.0
1526876700608939622,1785,1526876700599912945,world,0.000266738119535,-9.60356119322e-05,0.000131030508783,0.0,0.0,0.0
1526876700628292845,1786,1526876700620310803,world,-0.00020355504239,-8.49831994856e-05,1.69019185705e-05,0.0,0.0,0.0
1526876700648643418,1787,1526876700640002323,world,-5.26164440089e-05,0.000137339258799,0.000152827356942,0.0,0.0,0.0
1526876700667938878,1788,1526876700659889291,world,0.000164950426552,0.000102705547761,-0.000228797609452,0.0,0.0,0.0
1526876700688396011,1789,1526876700679878631,world,-0.000151558226207,7.63374191592e-06,-0.000132523986395,0.0,0.0,0.0
1526876700708759199,1790,1526876700699625781,world,-5.89250485064e-05,-1.9632261683e-05,-5.37588421139e-05,0.0,0.0,0.0
1526876700728200272,1791,1526876700720553645,world,0.000310421804897,-8.18852204247e-05,4.55730150861e-05,0.0,0.0,0.0
1526876700748528120,1792,1526876700740317000,world,-0.000157734612003,-7.59983522585e-05,6.19959828327e-05,0.0,0.0,0.0
1526876700768984664,1793,1526876700759997604,world,6.88380532665e-05,0.000201542774448,3.09523456963e-05,0.0,0.0,0.0
1526876700788404437,1794,1526876700779934260,world,-0.000124638609122,-5.23502967553e-06,-0.000430922198575,0.0,0.0,0.0
1526876700808666055,1795,1526876700799760553,world,-1.53616820171e-05,0.000269121606834,-0.000155237823492,0.0,0.0,0.0
1526876700828967201,1796,1526876700819678644,world,7.3736635386e-05,-4.77535650134e-07,0.000318964477628,0.0,0.0,0.0
1526876700848162225,1797,1526876700840630765,world,0.000199711241294,0.000149661704199,0.00017450125597,0.0,0.0,0.0
1526876700868661030,1798,1526876700860428968,world,-0.000213968451135,-9.34198033065e-05,-5.61739216209e-05,0.0,0.0,0.0
1526876700887858045,1799,1526876700880056974,world,-5.02176044392e-05,-0.000155113331857,-7.95302039478e-05,0.0,0.0,0.0
1526876700908292300,1800,1526876700899921271,world,4.0721239202e-05,-0.000251038203714,-0.000208189783734,0.0,0.0,0.0
1526876700928627012,1801,1526876700919619074,world,0.000113329515443,0.000148398117744,0.000164970202604,0.0,0.0,0.0
1526876700948988767,1802,1526876700940361757,world,-8.98624930414e-05,-0.000118975447549,0.000177974769031,0.0,0.0,0.0
1526876700968397649,1803,1526876700960152919,world,3.51456765202e-06,0.000138712814078,0.000110257446067,0.0,0.0,0.0
1526876700988755821,1804,1526876700980121860,world,4.93660627399e-05,9.41138205235e-06,-0.000151800413732,0.0,0.0,0.0
1526876701008274151,1805,1526876701000001301,world,-4.7003130021e-05,7.96916137915e-05,-0.000188283447642,0.0,0.0,0.0
1526876701028687356,1806,1526876701020056056,world,-3.41318736901e-05,-9.73900896497e-05,3.37413221132e-05,0.0,0.0,0.0
1526876701047916142,1807,1526876701040025099,world,-2.31533249462e-06,-0.000175598601345,6.09290218563e-05,0.0,0.0,0.0
1526876701068344325,1808,1526876701059773353,world,-0.000491008802783,-0.000602220650762,-0.00219738553278,0.0,0.0,0.0
1526876701088426504,1809,1526876701080583093,world,-0.000377801305149,-0.000431937281974,-0.00117678474635,0.0,0.0,0.0
1526876701107702901,1810,1526876701100149324,world,0.000620362348855,0.000708903302439,0.00139368325472,0.0,0.0,0.0
1526876701127857154,1811,1526876701119981875,world,-0.000371068075765,-0.000829704513308,-0.000979760428891,0.0,0.0,0.0
1526876701148122625,1812,1526876701139618483,world,0.00038822015631,0.000823587994091,0.00150997622404,0.0,0.0,0.0
1526876701168530778,1813,1526876701160332975,world,3.40706319548e-05,-6.35414908174e-05,0.000588924216572,0.0,0.0,0.0
1526876701188994751,1814,1526876701180162270,world,0.000211366786971,0.000101411933429,0.000288790877676,0.0,0.0,0.0
1526876701208371644,1815,1526876701199888579,world,-0.000420991214924,-0.000617234152742,-0.00211014226079,0.0,0.0,0.0
1526876701228723812,1816,1526876701219596383,world,0.00015001106658,0.000481994939037,0.00121369119734,0.0,0.0,0.0
1526876701248133552,1817,1526876701240558893,world,8.88850699994e-05,0.000302470871247,0.000718890456483,0.0,0.0,0.0
1526876701268547599,1818,1526876701260454299,world,0.000220520974835,-2.68501171377e-05,0.000306165544316,0.0,0.0,0.0
